Kproton_eV,heat_fraction,ionization_fraction,excitation_fraction
1.000000000000000000e+06,3.748890161564749079e-01,4.335080461055262346e-01,1.916029377379989962e-01
1.011717652514814865e+06,3.747830837064460852e-01,4.333603525410817392e-01,1.918565637524721479e-01
1.023572608410087531e+06,3.746773670674062306e-01,4.332133041020416186e-01,1.921093288305518176e-01
1.035566476559119532e+06,3.745718663932851578e-01,4.330668972207615819e-01,1.923612363859534824e-01
1.047700884687432554e+06,3.744665825964243466e-01,4.329211267311262046e-01,1.926122906724493100e-01
1.059977479593663942e+06,3.743615165581644644e-01,4.327759875346234297e-01,1.928624959072119949e-01
1.072397927373071667e+06,3.742566691294449410e-01,4.326314745992190236e-01,1.931118562713360076e-01
1.084963913643636974e+06,3.741520411314173677e-01,4.324875829582640607e-01,1.933603759103188213e-01
1.097677143774826778e+06,3.740476333560169286e-01,4.323443077094055176e-01,1.936080589345774428e-01
1.110539343119034544e+06,3.739433405882467976e-01,4.322015783482370810e-01,1.938550810635162880e-01
1.123552257245736429e+06,3.738390188087641341e-01,4.320593004063486009e-01,1.941016807848870984e-01
1.136717652178377612e+06,3.737346694211486908e-01,4.319174695991385704e-01,1.943478609797126000e-01
1.150037314634060021e+06,3.736302976745434767e-01,4.317760841016288764e-01,1.945936182238277024e-01
1.163513052266012644e+06,3.735259087159077396e-01,4.316351421010705680e-01,1.948389491830215814e-01
1.177146693908917485e+06,3.734215075918203008e-01,4.314946417967717718e-01,1.950838506114079829e-01
1.190940089827105170e+06,3.733170992502395369e-01,4.313545813999108969e-01,1.953283193498495107e-01
1.204895111965661636e+06,3.732126885422371587e-01,4.312149591333619969e-01,1.955723523244012330e-01
1.219013654204476625e+06,3.731083478546012300e-01,4.310758418194073349e-01,1.958158103259911853e-01
1.233297632615259150e+06,3.730042288145870577e-01,4.309373767482385098e-01,1.960583944371742382e-01
1.247748985721588600e+06,3.729003400146765901e-01,4.307995662556885486e-01,1.963000937296346393e-01
1.262369674761986826e+06,3.727966819738937621e-01,4.306624045924514754e-01,1.965409134336548180e-01
1.277161683956087567e+06,3.726932551876566690e-01,4.305258860860796677e-01,1.967808587262633857e-01
1.292127020773920696e+06,3.725900601282387536e-01,4.303900051397220872e-01,1.970199347320390482e-01
1.307267716208352474e+06,3.724870972452133944e-01,4.302547562308725038e-01,1.972581465239140741e-01
1.322585825050720014e+06,3.723843669659014921e-01,4.301201339101464183e-01,1.974954991239518953e-01
1.338083426169684157e+06,3.722818245527760861e-01,4.299861164417921877e-01,1.977320590054317817e-01
1.353762622793373186e+06,3.721793134821698157e-01,4.298526416610619072e-01,1.979680448567680551e-01
1.369625542794810375e+06,3.720768213735143881e-01,4.297196997129458795e-01,1.982034789135399544e-01
1.385674338980694534e+06,3.719743524299879422e-01,4.295872868277161305e-01,1.984383607422958717e-01
1.401911189383566147e+06,3.718719107717057271e-01,4.294553992801845577e-01,1.986726899481096043e-01
1.418338297557396349e+06,3.717695004371486811e-01,4.293240333889744575e-01,1.989064661738764450e-01
1.434957892876627855e+06,3.716671253845810208e-01,4.291931855158188647e-01,1.991396890996002811e-01
1.451772230838746997e+06,3.715647894934389073e-01,4.290628520648625543e-01,1.993723584416985939e-01
1.468783593370372895e+06,3.714625133802493262e-01,4.289330225713129385e-01,1.996044640484377353e-01
1.485994289136948064e+06,3.713603989606009126e-01,4.288036531668047435e-01,1.998359478725943161e-01
1.503406653856054181e+06,3.712584657837432189e-01,4.286747338446205147e-01,2.000668003716364052e-01
1.521023050614399835e+06,3.711567150926443071e-01,4.285462621313406717e-01,2.002970227760149657e-01
1.538845870188526111e+06,3.710551480957313131e-01,4.284182355771729567e-01,2.005266163270955915e-01
1.556877531369253062e+06,3.709537659675106736e-01,4.282906517555838954e-01,2.007555822769053755e-01
1.575120481289960677e+06,3.708525698491786371e-01,4.281635082629431932e-01,2.009839218878781419e-01
1.593577195758684305e+06,3.707515608492229497e-01,4.280368027181662427e-01,2.012116364326106410e-01
1.612250179594117450e+06,3.706507412458275308e-01,4.279105325719511077e-01,2.014387261822210839e-01
1.631141966965549160e+06,3.705501253811649964e-01,4.277846933804012042e-01,2.016651812384339104e-01
1.650255121736783069e+06,3.704497180379918153e-01,4.276592822308681874e-01,2.018909997311403304e-01
1.669592237814091379e+06,3.703495198764105711e-01,4.275342968802929300e-01,2.021161832432964434e-01
1.689155939498228952e+06,3.702495315318479197e-01,4.274097351056755922e-01,2.023407333624765159e-01
1.708948881840604823e+06,3.701497536155012313e-01,4.272855947037694224e-01,2.025646516807294018e-01
1.728973751003594371e+06,3.700501867147850676e-01,4.271618734907953741e-01,2.027879397944198359e-01
1.749233264625090407e+06,3.699508313937793780e-01,4.270385693021432338e-01,2.030105993040772494e-01
1.769730172187322285e+06,3.698516852196139237e-01,4.269156806496892664e-01,2.032326341306968376e-01
1.790467255390000297e+06,3.697526664708941091e-01,4.267932235907577199e-01,2.034541099383480045e-01
1.811447328527814709e+06,3.696537364580009255e-01,4.266712046811933501e-01,2.036750588608055024e-01
1.832673238872393034e+06,3.695548978407325880e-01,4.265496213471726139e-01,2.038954808120948814e-01
1.854147867058699951e+06,3.694561532240303592e-01,4.264284710401002321e-01,2.041153757358696308e-01
1.875874127475978807e+06,3.693575051577838719e-01,4.263077512364797372e-01,2.043347436057365574e-01
1.897854968663273845e+06,3.692589561377758178e-01,4.261874594375358316e-01,2.045535844246884338e-01
1.920093373709584819e+06,3.691605086066053754e-01,4.260675931688497342e-01,2.047718982245446961e-01
1.942592360658716178e+06,3.690621655918813193e-01,4.259481496831749592e-01,2.049896847249439158e-01
1.965354982918848749e+06,3.689640561078359471e-01,4.258290675552636184e-01,2.052068763369006010e-01
1.988384329676951747e+06,3.688662846167619080e-01,4.257102967945826655e-01,2.054234185886552322e-01
2.011683526318009244e+06,3.687688496811242223e-01,4.255918367327931051e-01,2.056393135860823951e-01
2.035255734849180793e+06,3.686717495439479353e-01,4.254736868502165814e-01,2.058545636058353168e-01
2.059104154328927631e+06,3.685749824625243476e-01,4.253558466204625521e-01,2.060691709170131558e-01
2.083232021301169880e+06,3.684785467082306032e-01,4.252383155105733947e-01,2.062831377811959188e-01
2.107642610234512482e+06,3.683824405663544965e-01,4.251210929811629069e-01,2.064964664524826243e-01
2.132339233966657426e+06,3.682866623359128955e-01,4.250041784865548622e-01,2.067091591775323811e-01
2.157325244153985288e+06,3.681910963178451901e-01,4.248876215271416013e-01,2.069212821550131809e-01
2.182604031726419926e+06,3.680955773226203265e-01,4.247714933299777118e-01,2.071329293474019895e-01
2.208179027347623836e+06,3.680001062893412112e-01,4.246557921899280497e-01,2.073441015207306837e-01
2.234053701880584937e+06,3.679046863433445003e-01,4.245405154420524019e-01,2.075547982146029036e-01
2.260231566858661827e+06,3.678093205481702266e-01,4.244256604485670548e-01,2.077650190032626909e-01
2.286716174962127116e+06,3.677140119065855917e-01,4.243112245984548281e-01,2.079747634949596358e-01
2.313511120500339661e+06,3.676187633616092576e-01,4.241972053070649507e-01,2.081840313313257362e-01
2.340620039899522439e+06,3.675235777975018325e-01,4.240836000157411356e-01,2.083928221867571151e-01
2.368046612196277361e+06,3.674284570343777645e-01,4.239704060015167530e-01,2.086011369641052882e-01
2.395794559536877554e+06,3.673334013575463297e-01,4.238576202877300525e-01,2.088089783547235900e-01
2.423867647682419512e+06,3.672384134111551512e-01,4.237452403783177335e-01,2.090163462105273096e-01
2.452269686519863550e+06,3.671434959154950550e-01,4.236332638264781458e-01,2.092232402580265216e-01
2.481004530579117127e+06,3.670486515358823976e-01,4.235216882094027246e-01,2.094296602547148500e-01
2.510076079556124751e+06,3.669538828835862132e-01,4.234105111279334865e-01,2.096356059884804668e-01
2.539488278842112049e+06,3.668591925167183354e-01,4.232997302062375122e-01,2.098410772770441801e-01
2.569245120059028734e+06,3.667645829411268488e-01,4.231893430914601129e-01,2.100460739674132049e-01
2.599350641601264477e+06,3.666700520325931745e-01,4.230793453771106716e-01,2.102506025902960152e-01
2.629808929183714092e+06,3.665755825179856653e-01,4.229697258323187881e-01,2.104546916496955467e-01
2.660624116396246012e+06,3.664811747959966781e-01,4.228604812844977690e-01,2.106583439195053586e-01
2.691800385264713317e+06,3.663868316212315901e-01,4.227516096732953366e-01,2.108615587054728513e-01
2.723341966818490066e+06,3.662925556933065985e-01,4.226431089566347610e-01,2.110643353500585573e-01
2.755253141664681491e+06,3.661983496577621011e-01,4.225349771104766061e-01,2.112666732317616258e-01
2.787538240569060203e+06,3.661042161069571477e-01,4.224272121285661541e-01,2.114685717644766705e-01
2.820201645043812227e+06,3.660101575809484586e-01,4.223198120222036445e-01,2.116700303968480079e-01
2.853247787942144554e+06,3.659161976999417143e-01,4.222127664150805981e-01,2.118710358849776598e-01
2.886681154059914872e+06,3.658225117062709475e-01,4.221060046213470640e-01,2.120714836723820995e-01
2.920506280744253658e+06,3.657291379638928364e-01,4.219995103945199388e-01,2.122713516415873913e-01
2.954727758509349078e+06,3.656360748954410322e-01,4.218932833716399489e-01,2.124706417329189079e-01
2.989350231659438927e+06,3.655433209354692625e-01,4.217873231822820701e-01,2.126693558822486396e-01
3.024378398919105530e+06,3.654508745303202688e-01,4.216816294487145123e-01,2.128674960209648859e-01
3.059817014070951380e+06,3.653587341379831432e-01,4.215762017860525401e-01,2.130650640759642334e-01
3.095670886600759346e+06,3.652668982279655419e-01,4.214710398024071325e-01,2.132620619696271869e-01
3.131944882350176107e+06,3.651753610372754921e-01,4.213661471761481758e-01,2.134584917865764986e-01
3.168643924177107867e+06,3.650840369135672225e-01,4.212616043396747445e-01,2.136543587467580885e-01
3.205772992623794358e+06,3.649928923454373586e-01,4.211574416375674645e-01,2.138496660169952601e-01
3.243337126592738088e+06,3.649019278862953297e-01,4.210536566923950286e-01,2.140444154213095862e-01
3.281341424030556343e+06,3.648111440693659335e-01,4.209502471502889476e-01,2.142386087803450634e-01
3.319791042619814165e+06,3.647205414080511021e-01,4.208472106806160906e-01,2.144322479113328073e-01
3.358691200479027815e+06,3.646301203962762916e-01,4.207445449756713751e-01,2.146253346280523888e-01
3.398047176870807074e+06,3.645398815088447542e-01,4.206422477503471979e-01,2.148178707408081589e-01
3.437864312918326817e+06,3.644498240475967932e-01,4.205403166747592181e-01,2.150098592776441275e-01
3.478148012330186088e+06,3.643598237439146237e-01,4.204387422593242052e-01,2.152014339967611434e-01
3.518903742133765016e+06,3.642697958960126048e-01,4.203375173371103335e-01,2.153926867668770340e-01
3.560137033417169936e+06,3.641797444554393803e-01,4.202366399167783984e-01,2.155836156277824434e-01
3.601853482079883572e+06,3.640896733055362655e-01,4.201361080251602154e-01,2.157742186693036857e-01
3.644058749592171516e+06,3.639995862595166165e-01,4.200359197068554429e-01,2.159644940336279684e-01
3.686758563763462938e+06,3.639094870615813826e-01,4.199360730239896644e-01,2.161544399144289252e-01
3.729958719519660808e+06,3.638193793880216687e-01,4.198365660559956747e-01,2.163440545559824901e-01
3.773665079689595848e+06,3.637292668483048663e-01,4.197373968993875493e-01,2.165333362523077787e-01
3.817883575800689403e+06,3.636392092919882857e-01,4.196385596270559848e-01,2.167222310809558128e-01
3.862620208883948624e+06,3.635492823841512955e-01,4.195400471889836336e-01,2.169106704268649599e-01
3.907881050288352184e+06,3.634594878097145987e-01,4.194418578557924659e-01,2.170986543344931852e-01
3.953672242504860274e+06,3.633698267947108596e-01,4.193439899427605089e-01,2.172861832625286316e-01
4.000000000000000000e+06,3.632803005355157433e-01,4.192464417788863140e-01,2.174732576855981647e-01
