utc	parent_pid	child_count	child_pcpu_sum	child_rss_kib_sum	mem_available_kib	progress_tail
2026-09-28T10:19:43Z	66854	0	0.0	0	129120332	
2026-09-28T10:19:58Z	66854	61	5986.5	6312828	125048160	{"phase": "precompute_started", "elapsed_seconds": 0.00011494199861772358, "planned": 297, "restored": 0, "submitted": 0, "running": 0, "completed": 0, "persisted": 0, "failed": 0, "workers": 60, "parent_rss_kib": 74752, "mem_available_bytes": 132112543744} 
2026-09-28T10:20:13Z	66854	61	5980.7	6327380	125174552	{"phase": "precompute_progress", "elapsed_seconds": 20.470616930997494, "planned": 297, "restored": 0, "submitted": 129, "running": 119, "completed": 10, "persisted": 10, "failed": 0, "workers": 60, "parent_rss_kib": 74752, "mem_available_bytes": 128094560256} 
2026-09-28T10:20:29Z	66854	61	5987.4	6339464	125194988	{"phase": "precompute_progress", "elapsed_seconds": 28.436713307997707, "planned": 297, "restored": 0, "submitted": 139, "running": 119, "completed": 20, "persisted": 20, "failed": 0, "workers": 60, "parent_rss_kib": 74752, "mem_available_bytes": 128176517120} 
2026-09-28T10:20:44Z	66854	61	5985.5	6344008	125178468	{"phase": "precompute_progress", "elapsed_seconds": 52.55552622699906, "planned": 297, "restored": 0, "submitted": 149, "running": 119, "completed": 30, "persisted": 30, "failed": 0, "workers": 60, "parent_rss_kib": 74752, "mem_available_bytes": 128179269632} 
2026-09-28T10:20:59Z	66854	61	5985.3	6349904	125198700	{"phase": "precompute_progress", "elapsed_seconds": 52.55552622699906, "planned": 297, "restored": 0, "submitted": 149, "running": 119, "completed": 30, "persisted": 30, "failed": 0, "workers": 60, "parent_rss_kib": 74752, "mem_available_bytes": 128179269632} 
2026-09-28T10:21:14Z	66854	61	5980.6	6353440	125160740	{"phase": "precompute_progress", "elapsed_seconds": 75.52686773499954, "planned": 297, "restored": 0, "submitted": 159, "running": 119, "completed": 40, "persisted": 40, "failed": 0, "workers": 60, "parent_rss_kib": 74752, "mem_available_bytes": 128203239424} 
2026-09-28T10:21:29Z	66854	61	5980.6	6358092	125218480	{"phase": "precompute_progress", "elapsed_seconds": 75.52686773499954, "planned": 297, "restored": 0, "submitted": 159, "running": 119, "completed": 40, "persisted": 40, "failed": 0, "workers": 60, "parent_rss_kib": 74752, "mem_available_bytes": 128203239424} 
2026-09-28T10:21:44Z	66854	61	5980.1	6361388	124680300	{"phase": "precompute_progress", "elapsed_seconds": 107.69034524299786, "planned": 297, "restored": 0, "submitted": 169, "running": 119, "completed": 50, "persisted": 50, "failed": 0, "workers": 60, "parent_rss_kib": 74752, "mem_available_bytes": 128224800768} 
2026-09-28T10:21:59Z	66854	61	5933.0	6365192	123350460	{"phase": "precompute_progress", "elapsed_seconds": 126.11135232599918, "planned": 297, "restored": 0, "submitted": 179, "running": 119, "completed": 60, "persisted": 60, "failed": 0, "workers": 60, "parent_rss_kib": 74752, "mem_available_bytes": 126908829696} 
2026-09-28T10:22:15Z	66854	61	5591.7	6367104	119056660	{"phase": "precompute_progress", "elapsed_seconds": 126.11135232599918, "planned": 297, "restored": 0, "submitted": 179, "running": 119, "completed": 60, "persisted": 60, "failed": 0, "workers": 60, "parent_rss_kib": 74752, "mem_available_bytes": 126908829696} 
2026-09-28T10:22:30Z	66854	61	5310.2	6368720	119970112	{"phase": "precompute_progress", "elapsed_seconds": 126.11135232599918, "planned": 297, "restored": 0, "submitted": 179, "running": 119, "completed": 60, "persisted": 60, "failed": 0, "workers": 60, "parent_rss_kib": 74752, "mem_available_bytes": 126908829696} 
2026-09-28T10:22:45Z	66854	61	5076.0	6369368	119937924	{"phase": "precompute_progress", "elapsed_seconds": 126.11135232599918, "planned": 297, "restored": 0, "submitted": 179, "running": 119, "completed": 60, "persisted": 60, "failed": 0, "workers": 60, "parent_rss_kib": 74752, "mem_available_bytes": 126908829696} 
2026-09-28T10:23:00Z	66854	61	4925.6	6370672	124953496	{"phase": "precompute_progress", "elapsed_seconds": 187.00589890300034, "planned": 297, "restored": 0, "submitted": 189, "running": 119, "completed": 70, "persisted": 70, "failed": 0, "workers": 60, "parent_rss_kib": 74752, "mem_available_bytes": 122601865216} 
2026-09-28T10:23:15Z	66854	61	5000.0	6372452	125360640	{"phase": "precompute_progress", "elapsed_seconds": 187.00589890300034, "planned": 297, "restored": 0, "submitted": 189, "running": 119, "completed": 70, "persisted": 70, "failed": 0, "workers": 60, "parent_rss_kib": 74752, "mem_available_bytes": 122601865216} 
2026-09-28T10:23:30Z	66854	61	5067.0	6375196	125348348	{"phase": "precompute_progress", "elapsed_seconds": 221.36342307499945, "planned": 297, "restored": 0, "submitted": 199, "running": 119, "completed": 80, "persisted": 80, "failed": 0, "workers": 60, "parent_rss_kib": 74752, "mem_available_bytes": 128363524096} 
2026-09-28T10:23:45Z	66854	61	5125.5	6377868	125363748	{"phase": "precompute_progress", "elapsed_seconds": 221.36342307499945, "planned": 297, "restored": 0, "submitted": 199, "running": 119, "completed": 80, "persisted": 80, "failed": 0, "workers": 60, "parent_rss_kib": 74752, "mem_available_bytes": 128363524096} 
2026-09-28T10:24:00Z	66854	61	5175.8	6381440	125359616	{"phase": "precompute_progress", "elapsed_seconds": 250.53081874800046, "planned": 297, "restored": 0, "submitted": 209, "running": 119, "completed": 90, "persisted": 90, "failed": 0, "workers": 60, "parent_rss_kib": 74752, "mem_available_bytes": 128368095232} 
2026-09-28T10:24:15Z	66854	61	5219.5	6383812	125353768	{"phase": "precompute_progress", "elapsed_seconds": 250.53081874800046, "planned": 297, "restored": 0, "submitted": 209, "running": 119, "completed": 90, "persisted": 90, "failed": 0, "workers": 60, "parent_rss_kib": 74752, "mem_available_bytes": 128368095232} 
2026-09-28T10:24:31Z	66854	61	5259.7	6387112	125355776	{"phase": "precompute_progress", "elapsed_seconds": 281.6528557299971, "planned": 297, "restored": 0, "submitted": 219, "running": 119, "completed": 100, "persisted": 100, "failed": 0, "workers": 60, "parent_rss_kib": 74752, "mem_available_bytes": 128362594304} 
2026-09-28T10:24:46Z	66854	61	5296.5	6389468	125347820	{"phase": "precompute_progress", "elapsed_seconds": 281.6528557299971, "planned": 297, "restored": 0, "submitted": 219, "running": 119, "completed": 100, "persisted": 100, "failed": 0, "workers": 60, "parent_rss_kib": 74752, "mem_available_bytes": 128362594304} 
2026-09-28T10:25:01Z	66854	61	5329.8	6391536	125339424	{"phase": "precompute_progress", "elapsed_seconds": 281.6528557299971, "planned": 297, "restored": 0, "submitted": 219, "running": 119, "completed": 100, "persisted": 100, "failed": 0, "workers": 60, "parent_rss_kib": 74752, "mem_available_bytes": 128362594304} 
2026-09-28T10:25:16Z	66854	61	5360.1	6393936	125334684	{"phase": "precompute_progress", "elapsed_seconds": 320.0477063159997, "planned": 297, "restored": 0, "submitted": 229, "running": 119, "completed": 110, "persisted": 110, "failed": 0, "workers": 60, "parent_rss_kib": 74752, "mem_available_bytes": 128326930432} 
2026-09-28T10:25:31Z	66854	61	5387.8	6395420	125323264	{"phase": "precompute_progress", "elapsed_seconds": 320.0477063159997, "planned": 297, "restored": 0, "submitted": 229, "running": 119, "completed": 110, "persisted": 110, "failed": 0, "workers": 60, "parent_rss_kib": 74752, "mem_available_bytes": 128326930432} 
2026-09-28T10:25:46Z	66854	61	5413.5	6397072	125315048	{"phase": "precompute_progress", "elapsed_seconds": 320.0477063159997, "planned": 297, "restored": 0, "submitted": 229, "running": 119, "completed": 110, "persisted": 110, "failed": 0, "workers": 60, "parent_rss_kib": 74752, "mem_available_bytes": 128326930432} 
2026-09-28T10:26:01Z	66854	61	5436.7	6399044	125330948	{"phase": "precompute_progress", "elapsed_seconds": 320.0477063159997, "planned": 297, "restored": 0, "submitted": 229, "running": 119, "completed": 110, "persisted": 110, "failed": 0, "workers": 60, "parent_rss_kib": 74752, "mem_available_bytes": 128326930432} 
2026-09-28T10:26:16Z	66854	61	5458.0	6400572	125304756	{"phase": "precompute_progress", "elapsed_seconds": 389.6237942179978, "planned": 297, "restored": 0, "submitted": 239, "running": 119, "completed": 120, "persisted": 120, "failed": 0, "workers": 60, "parent_rss_kib": 74752, "mem_available_bytes": 128312070144} 
2026-09-28T10:26:31Z	66854	61	5478.5	6402088	125397504	{"phase": "precompute_progress", "elapsed_seconds": 389.6237942179978, "planned": 297, "restored": 0, "submitted": 239, "running": 119, "completed": 120, "persisted": 120, "failed": 0, "workers": 60, "parent_rss_kib": 74752, "mem_available_bytes": 128312070144} 
2026-09-28T10:26:46Z	66854	61	5496.3	6404956	124975900	{"phase": "precompute_progress", "elapsed_seconds": 412.91558051500033, "planned": 297, "restored": 0, "submitted": 249, "running": 119, "completed": 130, "persisted": 130, "failed": 0, "workers": 60, "parent_rss_kib": 74752, "mem_available_bytes": 128319275008} 
2026-09-28T10:27:02Z	66854	61	5475.5	6405572	124326420	{"phase": "precompute_progress", "elapsed_seconds": 412.91558051500033, "planned": 297, "restored": 0, "submitted": 249, "running": 119, "completed": 130, "persisted": 130, "failed": 0, "workers": 60, "parent_rss_kib": 74752, "mem_available_bytes": 128319275008} 
2026-09-28T10:27:17Z	66854	61	5488.6	6407612	125096836	{"phase": "precompute_progress", "elapsed_seconds": 412.91558051500033, "planned": 297, "restored": 0, "submitted": 249, "running": 119, "completed": 130, "persisted": 130, "failed": 0, "workers": 60, "parent_rss_kib": 74752, "mem_available_bytes": 128319275008} 
2026-09-28T10:27:32Z	66854	61	5494.7	6408652	125093112	{"phase": "precompute_progress", "elapsed_seconds": 412.91558051500033, "planned": 297, "restored": 0, "submitted": 249, "running": 119, "completed": 130, "persisted": 130, "failed": 0, "workers": 60, "parent_rss_kib": 74752, "mem_available_bytes": 128319275008} 
2026-09-28T10:27:47Z	66854	61	5500.9	6410008	125076184	{"phase": "precompute_progress", "elapsed_seconds": 470.6567792860005, "planned": 297, "restored": 0, "submitted": 259, "running": 119, "completed": 140, "persisted": 140, "failed": 0, "workers": 60, "parent_rss_kib": 74752, "mem_available_bytes": 128089387008} 
2026-09-28T10:28:02Z	66854	61	5513.0	6411132	124726624	{"phase": "precompute_progress", "elapsed_seconds": 470.6567792860005, "planned": 297, "restored": 0, "submitted": 259, "running": 119, "completed": 140, "persisted": 140, "failed": 0, "workers": 60, "parent_rss_kib": 74752, "mem_available_bytes": 128089387008} 
2026-09-28T10:28:17Z	66854	61	5503.1	6412380	124727676	{"phase": "precompute_progress", "elapsed_seconds": 506.9229432889988, "planned": 297, "restored": 0, "submitted": 269, "running": 119, "completed": 150, "persisted": 150, "failed": 0, "workers": 60, "parent_rss_kib": 74752, "mem_available_bytes": 127719051264} 
2026-09-28T10:28:32Z	66854	61	5513.6	6414036	125182236	{"phase": "precompute_progress", "elapsed_seconds": 506.9229432889988, "planned": 297, "restored": 0, "submitted": 269, "running": 119, "completed": 150, "persisted": 150, "failed": 0, "workers": 60, "parent_rss_kib": 74752, "mem_available_bytes": 127719051264} 
2026-09-28T10:28:48Z	66854	61	5507.3	6415120	124300568	{"phase": "precompute_progress", "elapsed_seconds": 506.9229432889988, "planned": 297, "restored": 0, "submitted": 269, "running": 119, "completed": 150, "persisted": 150, "failed": 0, "workers": 60, "parent_rss_kib": 74752, "mem_available_bytes": 127719051264} 
2026-09-28T10:29:03Z	66854	61	5508.6	6416160	125445776	{"phase": "precompute_progress", "elapsed_seconds": 506.9229432889988, "planned": 297, "restored": 0, "submitted": 269, "running": 119, "completed": 150, "persisted": 150, "failed": 0, "workers": 60, "parent_rss_kib": 74752, "mem_available_bytes": 127719051264} 
2026-09-28T10:29:18Z	66854	61	5521.4	6418116	125435752	{"phase": "precompute_progress", "elapsed_seconds": 506.9229432889988, "planned": 297, "restored": 0, "submitted": 269, "running": 119, "completed": 150, "persisted": 150, "failed": 0, "workers": 60, "parent_rss_kib": 74752, "mem_available_bytes": 127719051264} 
2026-09-28T10:29:33Z	66854	61	5533.9	6419188	125319216	{"phase": "precompute_progress", "elapsed_seconds": 572.2793799680003, "planned": 297, "restored": 0, "submitted": 279, "running": 119, "completed": 160, "persisted": 160, "failed": 0, "workers": 60, "parent_rss_kib": 74752, "mem_available_bytes": 128448184320} 
2026-09-28T10:29:48Z	66854	61	5543.4	6420764	125094484	{"phase": "precompute_progress", "elapsed_seconds": 572.2793799680003, "planned": 297, "restored": 0, "submitted": 279, "running": 119, "completed": 160, "persisted": 160, "failed": 0, "workers": 60, "parent_rss_kib": 74752, "mem_available_bytes": 128448184320} 
2026-09-28T10:30:03Z	66854	61	5551.0	6421908	125111960	{"phase": "precompute_progress", "elapsed_seconds": 572.2793799680003, "planned": 297, "restored": 0, "submitted": 279, "running": 119, "completed": 160, "persisted": 160, "failed": 0, "workers": 60, "parent_rss_kib": 74752, "mem_available_bytes": 128448184320} 
2026-09-28T10:30:18Z	66854	61	5556.8	6423044	124806040	{"phase": "precompute_progress", "elapsed_seconds": 628.1639002459997, "planned": 297, "restored": 0, "submitted": 289, "running": 119, "completed": 170, "persisted": 170, "failed": 0, "workers": 60, "parent_rss_kib": 74752, "mem_available_bytes": 127799422976} 
2026-09-28T10:30:33Z	66854	61	5562.7	6424248	124042528	{"phase": "precompute_progress", "elapsed_seconds": 628.1639002459997, "planned": 297, "restored": 0, "submitted": 289, "running": 119, "completed": 170, "persisted": 170, "failed": 0, "workers": 60, "parent_rss_kib": 74752, "mem_available_bytes": 127799422976} 
2026-09-28T10:30:49Z	66854	61	5547.6	6424944	124010360	{"phase": "precompute_progress", "elapsed_seconds": 628.1639002459997, "planned": 297, "restored": 0, "submitted": 289, "running": 119, "completed": 170, "persisted": 170, "failed": 0, "workers": 60, "parent_rss_kib": 74752, "mem_available_bytes": 127799422976} 
2026-09-28T10:31:04Z	66854	61	5557.1	6426312	125437236	{"phase": "precompute_progress", "elapsed_seconds": 628.1639002459997, "planned": 297, "restored": 0, "submitted": 289, "running": 119, "completed": 170, "persisted": 170, "failed": 0, "workers": 60, "parent_rss_kib": 74752, "mem_available_bytes": 127799422976} 
2026-09-28T10:31:19Z	66854	61	5567.1	6427660	125440864	{"phase": "precompute_progress", "elapsed_seconds": 684.6736015349998, "planned": 297, "restored": 0, "submitted": 297, "running": 117, "completed": 180, "persisted": 180, "failed": 0, "workers": 60, "parent_rss_kib": 74752, "mem_available_bytes": 128439599104} 
2026-09-28T10:31:34Z	66854	61	5576.1	6428904	125432484	{"phase": "precompute_progress", "elapsed_seconds": 684.6736015349998, "planned": 297, "restored": 0, "submitted": 297, "running": 117, "completed": 180, "persisted": 180, "failed": 0, "workers": 60, "parent_rss_kib": 74752, "mem_available_bytes": 128439599104} 
2026-09-28T10:31:49Z	66854	61	5585.0	6430124	125437976	{"phase": "precompute_progress", "elapsed_seconds": 684.6736015349998, "planned": 297, "restored": 0, "submitted": 297, "running": 117, "completed": 180, "persisted": 180, "failed": 0, "workers": 60, "parent_rss_kib": 74752, "mem_available_bytes": 128439599104} 
2026-09-28T10:32:04Z	66854	61	5593.3	6431312	125428136	{"phase": "precompute_progress", "elapsed_seconds": 684.6736015349998, "planned": 297, "restored": 0, "submitted": 297, "running": 117, "completed": 180, "persisted": 180, "failed": 0, "workers": 60, "parent_rss_kib": 74752, "mem_available_bytes": 128439599104} 
2026-09-28T10:32:19Z	66854	61	5601.3	6432780	125432416	{"phase": "precompute_progress", "elapsed_seconds": 684.6736015349998, "planned": 297, "restored": 0, "submitted": 297, "running": 117, "completed": 180, "persisted": 180, "failed": 0, "workers": 60, "parent_rss_kib": 74752, "mem_available_bytes": 128439599104} 
2026-09-28T10:32:34Z	66854	61	5609.3	6434152	125394772	{"phase": "precompute_progress", "elapsed_seconds": 765.2314471149984, "planned": 297, "restored": 0, "submitted": 297, "running": 107, "completed": 190, "persisted": 190, "failed": 0, "workers": 60, "parent_rss_kib": 74752, "mem_available_bytes": 128344129536} 
2026-09-28T10:32:50Z	66854	61	5616.6	6436292	125429820	{"phase": "precompute_progress", "elapsed_seconds": 765.2314471149984, "planned": 297, "restored": 0, "submitted": 297, "running": 107, "completed": 190, "persisted": 190, "failed": 0, "workers": 60, "parent_rss_kib": 74752, "mem_available_bytes": 128344129536} 
2026-09-28T10:33:05Z	66854	61	5623.5	6438040	125427004	{"phase": "precompute_progress", "elapsed_seconds": 765.2314471149984, "planned": 297, "restored": 0, "submitted": 297, "running": 107, "completed": 190, "persisted": 190, "failed": 0, "workers": 60, "parent_rss_kib": 74752, "mem_available_bytes": 128344129536} 
2026-09-28T10:33:20Z	66854	61	5630.4	6438924	125432528	{"phase": "precompute_progress", "elapsed_seconds": 802.8560907859974, "planned": 297, "restored": 0, "submitted": 297, "running": 97, "completed": 200, "persisted": 200, "failed": 0, "workers": 60, "parent_rss_kib": 74752, "mem_available_bytes": 128438730752} 
2026-09-28T10:33:35Z	66854	61	5637.6	6439984	125436084	{"phase": "precompute_progress", "elapsed_seconds": 802.8560907859974, "planned": 297, "restored": 0, "submitted": 297, "running": 97, "completed": 200, "persisted": 200, "failed": 0, "workers": 60, "parent_rss_kib": 74752, "mem_available_bytes": 128438730752} 
2026-09-28T10:33:50Z	66854	61	5643.9	6441044	125423504	{"phase": "precompute_progress", "elapsed_seconds": 833.5444565559992, "planned": 297, "restored": 0, "submitted": 297, "running": 87, "completed": 210, "persisted": 210, "failed": 0, "workers": 60, "parent_rss_kib": 74752, "mem_available_bytes": 128445534208} 
2026-09-28T10:34:05Z	66854	61	5649.9	6441296	125433444	{"phase": "precompute_progress", "elapsed_seconds": 833.5444565559992, "planned": 297, "restored": 0, "submitted": 297, "running": 87, "completed": 210, "persisted": 210, "failed": 0, "workers": 60, "parent_rss_kib": 74752, "mem_available_bytes": 128445534208} 
2026-09-28T10:34:20Z	66854	61	5656.0	6442496	125413540	{"phase": "precompute_progress", "elapsed_seconds": 868.1492276669996, "planned": 297, "restored": 0, "submitted": 297, "running": 77, "completed": 220, "persisted": 220, "failed": 0, "workers": 60, "parent_rss_kib": 74752, "mem_available_bytes": 128439037952} 
2026-09-28T10:34:35Z	66854	61	5661.7	6443000	125426136	{"phase": "precompute_progress", "elapsed_seconds": 868.1492276669996, "planned": 297, "restored": 0, "submitted": 297, "running": 77, "completed": 220, "persisted": 220, "failed": 0, "workers": 60, "parent_rss_kib": 74752, "mem_available_bytes": 128439037952} 
2026-09-28T10:34:50Z	66854	61	5666.6	6443896	125418836	{"phase": "precompute_progress", "elapsed_seconds": 895.3253276840005, "planned": 297, "restored": 0, "submitted": 297, "running": 67, "completed": 230, "persisted": 230, "failed": 0, "workers": 60, "parent_rss_kib": 74752, "mem_available_bytes": 128437272576} 
2026-09-28T10:35:05Z	66854	61	5671.1	6443632	125424852	{"phase": "precompute_progress", "elapsed_seconds": 895.3253276840005, "planned": 297, "restored": 0, "submitted": 297, "running": 67, "completed": 230, "persisted": 230, "failed": 0, "workers": 60, "parent_rss_kib": 74752, "mem_available_bytes": 128437272576} 
2026-09-28T10:35:20Z	66854	61	5668.5	6444604	125421252	{"phase": "precompute_progress", "elapsed_seconds": 918.8654398459985, "planned": 297, "restored": 0, "submitted": 297, "running": 57, "completed": 240, "persisted": 240, "failed": 0, "workers": 60, "parent_rss_kib": 74752, "mem_available_bytes": 128434794496} 
2026-09-28T10:35:36Z	66854	61	5658.2	6444628	125420320	{"phase": "precompute_progress", "elapsed_seconds": 918.8654398459985, "planned": 297, "restored": 0, "submitted": 297, "running": 57, "completed": 240, "persisted": 240, "failed": 0, "workers": 60, "parent_rss_kib": 74752, "mem_available_bytes": 128434794496} 
2026-09-28T10:35:51Z	66854	61	5646.9	6445600	125417852	{"phase": "precompute_progress", "elapsed_seconds": 918.8654398459985, "planned": 297, "restored": 0, "submitted": 297, "running": 57, "completed": 240, "persisted": 240, "failed": 0, "workers": 60, "parent_rss_kib": 74752, "mem_available_bytes": 128434794496} 
2026-09-28T10:36:06Z	66854	61	5634.8	6446844	125417428	{"phase": "precompute_progress", "elapsed_seconds": 918.8654398459985, "planned": 297, "restored": 0, "submitted": 297, "running": 57, "completed": 240, "persisted": 240, "failed": 0, "workers": 60, "parent_rss_kib": 74752, "mem_available_bytes": 128434794496} 
2026-09-28T10:36:21Z	66854	61	5621.8	6447960	125411000	{"phase": "precompute_progress", "elapsed_seconds": 992.462372181999, "planned": 297, "restored": 0, "submitted": 297, "running": 47, "completed": 250, "persisted": 250, "failed": 0, "workers": 60, "parent_rss_kib": 74752, "mem_available_bytes": 128419684352} 
2026-09-28T10:36:36Z	66854	61	5607.2	6448248	125393860	{"phase": "precompute_progress", "elapsed_seconds": 992.462372181999, "planned": 297, "restored": 0, "submitted": 297, "running": 47, "completed": 250, "persisted": 250, "failed": 0, "workers": 60, "parent_rss_kib": 74752, "mem_available_bytes": 128419684352} 
2026-09-28T10:36:51Z	66854	61	5589.9	6449484	125410788	{"phase": "precompute_progress", "elapsed_seconds": 992.462372181999, "planned": 297, "restored": 0, "submitted": 297, "running": 47, "completed": 250, "persisted": 250, "failed": 0, "workers": 60, "parent_rss_kib": 74752, "mem_available_bytes": 128419684352} 
2026-09-28T10:37:06Z	66854	61	5568.4	6449684	125402816	{"phase": "precompute_progress", "elapsed_seconds": 992.462372181999, "planned": 297, "restored": 0, "submitted": 297, "running": 47, "completed": 250, "persisted": 250, "failed": 0, "workers": 60, "parent_rss_kib": 74752, "mem_available_bytes": 128419684352} 
2026-09-28T10:37:21Z	66854	61	5543.1	6449944	125402204	{"phase": "precompute_progress", "elapsed_seconds": 1049.8477253439996, "planned": 297, "restored": 0, "submitted": 297, "running": 37, "completed": 260, "persisted": 260, "failed": 0, "workers": 60, "parent_rss_kib": 74752, "mem_available_bytes": 128403996672} 
2026-09-28T10:37:36Z	66854	61	5516.3	6451144	125403440	{"phase": "precompute_progress", "elapsed_seconds": 1049.8477253439996, "planned": 297, "restored": 0, "submitted": 297, "running": 37, "completed": 260, "persisted": 260, "failed": 0, "workers": 60, "parent_rss_kib": 74752, "mem_available_bytes": 128403996672} 
2026-09-28T10:37:51Z	66854	61	5486.6	6452312	125406712	{"phase": "precompute_progress", "elapsed_seconds": 1049.8477253439996, "planned": 297, "restored": 0, "submitted": 297, "running": 37, "completed": 260, "persisted": 260, "failed": 0, "workers": 60, "parent_rss_kib": 74752, "mem_available_bytes": 128403996672} 
2026-09-28T10:38:06Z	66854	61	5455.9	6453668	125405480	{"phase": "precompute_progress", "elapsed_seconds": 1049.8477253439996, "planned": 297, "restored": 0, "submitted": 297, "running": 37, "completed": 260, "persisted": 260, "failed": 0, "workers": 60, "parent_rss_kib": 74752, "mem_available_bytes": 128403996672} 
2026-09-28T10:38:21Z	66854	61	5424.2	6453308	125413032	{"phase": "precompute_progress", "elapsed_seconds": 1049.8477253439996, "planned": 297, "restored": 0, "submitted": 297, "running": 37, "completed": 260, "persisted": 260, "failed": 0, "workers": 60, "parent_rss_kib": 74752, "mem_available_bytes": 128403996672} 
2026-09-28T10:38:36Z	66854	61	5390.5	6453472	125411368	{"phase": "precompute_progress", "elapsed_seconds": 1049.8477253439996, "planned": 297, "restored": 0, "submitted": 297, "running": 37, "completed": 260, "persisted": 260, "failed": 0, "workers": 60, "parent_rss_kib": 74752, "mem_available_bytes": 128403996672} 
2026-09-28T10:38:51Z	66854	61	5354.6	6454596	125402072	{"phase": "precompute_progress", "elapsed_seconds": 1131.9647633370005, "planned": 297, "restored": 0, "submitted": 297, "running": 27, "completed": 270, "persisted": 270, "failed": 0, "workers": 60, "parent_rss_kib": 74752, "mem_available_bytes": 128419942400} 
2026-09-28T10:39:07Z	66854	61	5315.3	6453992	125390944	{"phase": "precompute_progress", "elapsed_seconds": 1131.9647633370005, "planned": 297, "restored": 0, "submitted": 297, "running": 27, "completed": 270, "persisted": 270, "failed": 0, "workers": 60, "parent_rss_kib": 74752, "mem_available_bytes": 128419942400} 
2026-09-28T10:39:22Z	66854	61	5274.3	6454892	125397976	{"phase": "precompute_progress", "elapsed_seconds": 1131.9647633370005, "planned": 297, "restored": 0, "submitted": 297, "running": 27, "completed": 270, "persisted": 270, "failed": 0, "workers": 60, "parent_rss_kib": 74752, "mem_available_bytes": 128419942400} 
2026-09-28T10:39:37Z	66854	61	5233.0	6455680	125396944	{"phase": "precompute_progress", "elapsed_seconds": 1131.9647633370005, "planned": 297, "restored": 0, "submitted": 297, "running": 27, "completed": 270, "persisted": 270, "failed": 0, "workers": 60, "parent_rss_kib": 74752, "mem_available_bytes": 128419942400} 
2026-09-28T10:39:52Z	66854	61	5192.6	6456500	125391712	{"phase": "precompute_progress", "elapsed_seconds": 1131.9647633370005, "planned": 297, "restored": 0, "submitted": 297, "running": 27, "completed": 270, "persisted": 270, "failed": 0, "workers": 60, "parent_rss_kib": 74752, "mem_available_bytes": 128419942400} 
2026-09-28T10:40:07Z	66854	61	5151.9	6454888	125354956	{"phase": "precompute_progress", "elapsed_seconds": 1131.9647633370005, "planned": 297, "restored": 0, "submitted": 297, "running": 27, "completed": 270, "persisted": 270, "failed": 0, "workers": 60, "parent_rss_kib": 74752, "mem_available_bytes": 128419942400} 
2026-09-28T10:40:22Z	66854	61	5110.2	6455004	125374964	{"phase": "precompute_progress", "elapsed_seconds": 1224.511826471, "planned": 297, "restored": 0, "submitted": 297, "running": 17, "completed": 280, "persisted": 280, "failed": 0, "workers": 60, "parent_rss_kib": 74752, "mem_available_bytes": 128364863488} 
2026-09-28T10:40:37Z	66854	61	5065.9	6455660	125371828	{"phase": "precompute_progress", "elapsed_seconds": 1224.511826471, "planned": 297, "restored": 0, "submitted": 297, "running": 17, "completed": 280, "persisted": 280, "failed": 0, "workers": 60, "parent_rss_kib": 74752, "mem_available_bytes": 128364863488} 
2026-09-28T10:40:52Z	66854	61	5024.1	6456376	125384920	{"phase": "precompute_progress", "elapsed_seconds": 1224.511826471, "planned": 297, "restored": 0, "submitted": 297, "running": 17, "completed": 280, "persisted": 280, "failed": 0, "workers": 60, "parent_rss_kib": 74752, "mem_available_bytes": 128364863488} 
2026-09-28T10:41:07Z	66854	61	4981.2	6457088	125381764	{"phase": "precompute_progress", "elapsed_seconds": 1224.511826471, "planned": 297, "restored": 0, "submitted": 297, "running": 17, "completed": 280, "persisted": 280, "failed": 0, "workers": 60, "parent_rss_kib": 74752, "mem_available_bytes": 128364863488} 
2026-09-28T10:41:22Z	66854	61	4938.7	6457880	125387304	{"phase": "precompute_progress", "elapsed_seconds": 1224.511826471, "planned": 297, "restored": 0, "submitted": 297, "running": 17, "completed": 280, "persisted": 280, "failed": 0, "workers": 60, "parent_rss_kib": 74752, "mem_available_bytes": 128364863488} 
2026-09-28T10:41:37Z	66854	61	4897.4	6458508	125388456	{"phase": "precompute_progress", "elapsed_seconds": 1224.511826471, "planned": 297, "restored": 0, "submitted": 297, "running": 17, "completed": 280, "persisted": 280, "failed": 0, "workers": 60, "parent_rss_kib": 74752, "mem_available_bytes": 128364863488} 
2026-09-28T10:41:52Z	66854	61	4855.7	6458368	125396424	{"phase": "precompute_progress", "elapsed_seconds": 1224.511826471, "planned": 297, "restored": 0, "submitted": 297, "running": 17, "completed": 280, "persisted": 280, "failed": 0, "workers": 60, "parent_rss_kib": 74752, "mem_available_bytes": 128364863488} 
2026-09-28T10:42:07Z	66854	61	4813.8	6457468	125393792	{"phase": "precompute_progress", "elapsed_seconds": 1224.511826471, "planned": 297, "restored": 0, "submitted": 297, "running": 17, "completed": 280, "persisted": 280, "failed": 0, "workers": 60, "parent_rss_kib": 74752, "mem_available_bytes": 128364863488} 
2026-09-28T10:42:22Z	66854	61	4769.0	6456072	125394360	{"phase": "precompute_progress", "elapsed_seconds": 1224.511826471, "planned": 297, "restored": 0, "submitted": 297, "running": 17, "completed": 280, "persisted": 280, "failed": 0, "workers": 60, "parent_rss_kib": 74752, "mem_available_bytes": 128364863488} 
2026-09-28T10:42:37Z	66854	61	4725.7	6455916	125395028	{"phase": "precompute_progress", "elapsed_seconds": 1368.848181546, "planned": 297, "restored": 0, "submitted": 297, "running": 7, "completed": 290, "persisted": 290, "failed": 0, "workers": 60, "parent_rss_kib": 74752, "mem_available_bytes": 128405262336} 
2026-09-28T10:42:52Z	66854	61	4681.9	6456232	125394784	{"phase": "precompute_progress", "elapsed_seconds": 1368.848181546, "planned": 297, "restored": 0, "submitted": 297, "running": 7, "completed": 290, "persisted": 290, "failed": 0, "workers": 60, "parent_rss_kib": 74752, "mem_available_bytes": 128405262336} 
2026-09-28T10:43:07Z	66854	61	4638.9	6456624	125395160	{"phase": "precompute_progress", "elapsed_seconds": 1368.848181546, "planned": 297, "restored": 0, "submitted": 297, "running": 7, "completed": 290, "persisted": 290, "failed": 0, "workers": 60, "parent_rss_kib": 74752, "mem_available_bytes": 128405262336} 
2026-09-28T10:43:22Z	66854	61	4597.4	6456932	125389364	{"phase": "precompute_progress", "elapsed_seconds": 1368.848181546, "planned": 297, "restored": 0, "submitted": 297, "running": 7, "completed": 290, "persisted": 290, "failed": 0, "workers": 60, "parent_rss_kib": 74752, "mem_available_bytes": 128405262336} 
2026-09-28T10:43:37Z	66854	61	4556.2	6457248	125390672	{"phase": "precompute_progress", "elapsed_seconds": 1368.848181546, "planned": 297, "restored": 0, "submitted": 297, "running": 7, "completed": 290, "persisted": 290, "failed": 0, "workers": 60, "parent_rss_kib": 74752, "mem_available_bytes": 128405262336} 
2026-09-28T10:43:52Z	66854	61	4516.1	6457552	125391448	{"phase": "precompute_progress", "elapsed_seconds": 1368.848181546, "planned": 297, "restored": 0, "submitted": 297, "running": 7, "completed": 290, "persisted": 290, "failed": 0, "workers": 60, "parent_rss_kib": 74752, "mem_available_bytes": 128405262336} 
2026-09-28T10:44:07Z	66854	61	4475.4	6456828	125393460	{"phase": "precompute_progress", "elapsed_seconds": 1368.848181546, "planned": 297, "restored": 0, "submitted": 297, "running": 7, "completed": 290, "persisted": 290, "failed": 0, "workers": 60, "parent_rss_kib": 74752, "mem_available_bytes": 128405262336} 
2026-09-28T10:44:23Z	66854	61	4435.7	6455368	125386112	{"phase": "precompute_progress", "elapsed_seconds": 1368.848181546, "planned": 297, "restored": 0, "submitted": 297, "running": 7, "completed": 290, "persisted": 290, "failed": 0, "workers": 60, "parent_rss_kib": 74752, "mem_available_bytes": 128405262336} 
2026-09-28T10:44:38Z	66854	61	4396.0	6455700	125387112	{"phase": "precompute_progress", "elapsed_seconds": 1368.848181546, "planned": 297, "restored": 0, "submitted": 297, "running": 7, "completed": 290, "persisted": 290, "failed": 0, "workers": 60, "parent_rss_kib": 74752, "mem_available_bytes": 128405262336} 
2026-09-28T10:44:53Z	66854	61	4357.1	6455936	125390608	{"phase": "precompute_progress", "elapsed_seconds": 1368.848181546, "planned": 297, "restored": 0, "submitted": 297, "running": 7, "completed": 290, "persisted": 290, "failed": 0, "workers": 60, "parent_rss_kib": 74752, "mem_available_bytes": 128405262336} 
2026-09-28T10:45:08Z	66854	61	4318.8	6455496	125393756	{"phase": "precompute_progress", "elapsed_seconds": 1368.848181546, "planned": 297, "restored": 0, "submitted": 297, "running": 7, "completed": 290, "persisted": 290, "failed": 0, "workers": 60, "parent_rss_kib": 74752, "mem_available_bytes": 128405262336} 
2026-09-28T10:45:23Z	66854	61	4280.4	6455688	125379276	{"phase": "precompute_progress", "elapsed_seconds": 1368.848181546, "planned": 297, "restored": 0, "submitted": 297, "running": 7, "completed": 290, "persisted": 290, "failed": 0, "workers": 60, "parent_rss_kib": 74752, "mem_available_bytes": 128405262336} 
2026-09-28T10:45:38Z	66854	61	4242.8	6455868	125386724	{"phase": "precompute_progress", "elapsed_seconds": 1368.848181546, "planned": 297, "restored": 0, "submitted": 297, "running": 7, "completed": 290, "persisted": 290, "failed": 0, "workers": 60, "parent_rss_kib": 74752, "mem_available_bytes": 128405262336} 
2026-09-28T10:45:53Z	66854	61	4205.9	6456060	125391096	{"phase": "precompute_progress", "elapsed_seconds": 1368.848181546, "planned": 297, "restored": 0, "submitted": 297, "running": 7, "completed": 290, "persisted": 290, "failed": 0, "workers": 60, "parent_rss_kib": 74752, "mem_available_bytes": 128405262336} 
2026-09-28T10:46:08Z	66854	61	4169.8	6456296	125389636	{"phase": "precompute_progress", "elapsed_seconds": 1368.848181546, "planned": 297, "restored": 0, "submitted": 297, "running": 7, "completed": 290, "persisted": 290, "failed": 0, "workers": 60, "parent_rss_kib": 74752, "mem_available_bytes": 128405262336} 
2026-09-28T10:46:23Z	66854	61	4133.6	6456480	125385060	{"phase": "precompute_progress", "elapsed_seconds": 1368.848181546, "planned": 297, "restored": 0, "submitted": 297, "running": 7, "completed": 290, "persisted": 290, "failed": 0, "workers": 60, "parent_rss_kib": 74752, "mem_available_bytes": 128405262336} 
2026-09-28T10:46:38Z	66854	61	4099.2	6456660	125393184	{"phase": "precompute_progress", "elapsed_seconds": 1368.848181546, "planned": 297, "restored": 0, "submitted": 297, "running": 7, "completed": 290, "persisted": 290, "failed": 0, "workers": 60, "parent_rss_kib": 74752, "mem_available_bytes": 128405262336} 
2026-09-28T10:46:53Z	66854	61	4064.9	6456848	125394084	{"phase": "precompute_progress", "elapsed_seconds": 1368.848181546, "planned": 297, "restored": 0, "submitted": 297, "running": 7, "completed": 290, "persisted": 290, "failed": 0, "workers": 60, "parent_rss_kib": 74752, "mem_available_bytes": 128405262336} 
2026-09-28T10:47:08Z	66854	61	4030.6	6456060	125393088	{"phase": "precompute_progress", "elapsed_seconds": 1368.848181546, "planned": 297, "restored": 0, "submitted": 297, "running": 7, "completed": 290, "persisted": 290, "failed": 0, "workers": 60, "parent_rss_kib": 74752, "mem_available_bytes": 128405262336} 
2026-09-28T10:47:23Z	66854	61	3996.0	6455444	125396080	{"phase": "precompute_progress", "elapsed_seconds": 1368.848181546, "planned": 297, "restored": 0, "submitted": 297, "running": 7, "completed": 290, "persisted": 290, "failed": 0, "workers": 60, "parent_rss_kib": 74752, "mem_available_bytes": 128405262336} 
2026-09-28T10:47:38Z	66854	61	3961.9	6455540	125389256	{"phase": "precompute_progress", "elapsed_seconds": 1368.848181546, "planned": 297, "restored": 0, "submitted": 297, "running": 7, "completed": 290, "persisted": 290, "failed": 0, "workers": 60, "parent_rss_kib": 74752, "mem_available_bytes": 128405262336} 
2026-09-28T10:47:53Z	66854	61	3928.2	6455652	125390232	{"phase": "precompute_progress", "elapsed_seconds": 1368.848181546, "planned": 297, "restored": 0, "submitted": 297, "running": 7, "completed": 290, "persisted": 290, "failed": 0, "workers": 60, "parent_rss_kib": 74752, "mem_available_bytes": 128405262336} 
2026-09-28T10:48:08Z	66854	61	3895.1	6455752	125390752	{"phase": "precompute_progress", "elapsed_seconds": 1368.848181546, "planned": 297, "restored": 0, "submitted": 297, "running": 7, "completed": 290, "persisted": 290, "failed": 0, "workers": 60, "parent_rss_kib": 74752, "mem_available_bytes": 128405262336} 
2026-09-28T10:48:23Z	66854	61	3863.1	6455848	125397192	{"phase": "precompute_progress", "elapsed_seconds": 1368.848181546, "planned": 297, "restored": 0, "submitted": 297, "running": 7, "completed": 290, "persisted": 290, "failed": 0, "workers": 60, "parent_rss_kib": 74752, "mem_available_bytes": 128405262336} 
2026-09-28T10:48:38Z	66854	61	3831.3	6455972	125385100	{"phase": "precompute_progress", "elapsed_seconds": 1368.848181546, "planned": 297, "restored": 0, "submitted": 297, "running": 7, "completed": 290, "persisted": 290, "failed": 0, "workers": 60, "parent_rss_kib": 74752, "mem_available_bytes": 128405262336} 
2026-09-28T10:48:53Z	66854	61	3800.0	6456088	125389348	{"phase": "precompute_progress", "elapsed_seconds": 1368.848181546, "planned": 297, "restored": 0, "submitted": 297, "running": 7, "completed": 290, "persisted": 290, "failed": 0, "workers": 60, "parent_rss_kib": 74752, "mem_available_bytes": 128405262336} 
2026-09-28T10:49:08Z	66854	61	3768.3	6454012	125393680	{"phase": "precompute_progress", "elapsed_seconds": 1368.848181546, "planned": 297, "restored": 0, "submitted": 297, "running": 7, "completed": 290, "persisted": 290, "failed": 0, "workers": 60, "parent_rss_kib": 74752, "mem_available_bytes": 128405262336} 
2026-09-28T10:49:23Z	66854	61	3737.0	6454068	125392100	{"phase": "precompute_progress", "elapsed_seconds": 1368.848181546, "planned": 297, "restored": 0, "submitted": 297, "running": 7, "completed": 290, "persisted": 290, "failed": 0, "workers": 60, "parent_rss_kib": 74752, "mem_available_bytes": 128405262336} 
2026-09-28T10:49:38Z	66854	61	3706.5	6454128	125381900	{"phase": "precompute_progress", "elapsed_seconds": 1368.848181546, "planned": 297, "restored": 0, "submitted": 297, "running": 7, "completed": 290, "persisted": 290, "failed": 0, "workers": 60, "parent_rss_kib": 74752, "mem_available_bytes": 128405262336} 
2026-09-28T10:49:53Z	66854	61	3676.3	6454184	125389944	{"phase": "precompute_progress", "elapsed_seconds": 1368.848181546, "planned": 297, "restored": 0, "submitted": 297, "running": 7, "completed": 290, "persisted": 290, "failed": 0, "workers": 60, "parent_rss_kib": 74752, "mem_available_bytes": 128405262336} 
