relation_id,from_work_id,to_work_id,from_version_id,to_version_id,relationship,material_change_status,evidence
1,ThorsonDelos1978,ThorsonDelos1978,ThorsonDelos1978:available,ThorsonDelos1978:cited,COPY_OF,NOT_REASSESSED_EXISTING_FILE,v1 identity review reused
2,Kadyrov2005,Kadyrov2005,Kadyrov2005:available,Kadyrov2005:cited,PREPRINT_OF,NOT_REASSESSED_EXISTING_FILE,v1 identity review reused
3,TemplatesGHEP,TemplatesGHEP,TemplatesGHEP:available,TemplatesGHEP:cited,AUTHOR_WEB_EDITION_OF,NOT_ASSESSED_AGAINST_CITED_PUBLISHER_VERSION,Official table of contents chapter boundary node155 through189 before SVD at190; all35 nodes and323 image references present; six named chapter authors and section labels match cited chapter; exact publisher-PDF equivalence not assessed; independent review found missing scholarly footnotes; official footnode dependency and all image assets then acquired; allthree anchors and reader link closure verified
4,Lehtola2019,Lehtola2019,Lehtola2019:available,Lehtola2019:cited,PREPRINT_OF,NOT_REASSESSED_EXISTING_FILE,v1 identity review reused
5,Martinazzo2020,Martinazzo2020,Martinazzo2020:available,Martinazzo2020:cited,PREPRINT_OF,NOT_REASSESSED_EXISTING_FILE,v1 identity review reused
6,Burgarth2022,Burgarth2022,Burgarth2022:available,Burgarth2022:cited,PREPRINT_OF,NOT_REASSESSED_EXISTING_FILE,v1 identity review reused
7,AlMohyHigham2011,AlMohyHigham2011,AlMohyHigham2011:available,AlMohyHigham2011:cited,COPY_OF,NOT_REASSESSED_EXISTING_FILE,v1 identity review reused
8,HochbruckLubich1997,HochbruckLubich1997,HochbruckLubich1997:available,HochbruckLubich1997:cited,PREPRINT_OF,NOT_REASSESSED_EXISTING_FILE,v1 identity review reused
9,AlvermannFehske2011,AlvermannFehske2011,AlvermannFehske2011:available,AlvermannFehske2011:cited,PREPRINT_OF,NOT_REASSESSED_EXISTING_FILE,v1 identity review reused
10,ITVOLT2023,ITVOLT2023,ITVOLT2023:available,ITVOLT2023:cited,PREPRINT_OF,NOT_REASSESSED_EXISTING_FILE,v1 identity review reused
11,LiEtAl2011,LiEtAl2011,LiEtAl2011:available,LiEtAl2011:cited,COPY_OF,NOT_REASSESSED_EXISTING_FILE,v1 identity review reused
12,LiEtAlErratum2013,LiEtAlErratum2013,LiEtAlErratum2013:available,LiEtAlErratum2013:cited,COPY_OF,NOT_REASSESSED_EXISTING_FILE,v1 identity review reused
13,BrayStelbovics1992PRL,BrayStelbovics1992PRL,BrayStelbovics1992PRL:available,BrayStelbovics1992PRL:cited,COPY_OF,SAME_CITED_PUBLISHED_VERSION,DOI and Version of Record label on institutional cover; title/authors/year/journal and complete cited page range verified in original pages; first paper page visually reviewed
14,BrayStelbovics1992PRA,BrayStelbovics1992PRA,BrayStelbovics1992PRA:available,BrayStelbovics1992PRA:cited,COPY_OF,SAME_CITED_PUBLISHED_VERSION,DOI and Version of Record label on institutional cover; title/authors/year/journal and complete cited page range verified in original pages; first paper page visually reviewed
15,Antonio2025,Antonio2025,Antonio2025:available,Antonio2025:cited,PREPRINT_OF,NOT_REASSESSED_EXISTING_FILE,v1 identity review reused
16,Fachin2026,Fachin2026,Fachin2026:available,Fachin2026:cited,COPY_OF,NOT_REASSESSED_EXISTING_FILE,v1 identity review reused
17,KuangLin1997,KuangLin1997,KuangLin1997:available,KuangLin1997:cited,COPY_OF,SAME_CITED_PUBLISHED_VERSION,"Title including He2+–H, Jiyun Kuang/C. D. Lin, 1997, J. Phys. B30, full 101–113 range and publisher imprint match DOI-linked metadata; first page visually reviewed. DOI absent within old PDF"
18,Yafaev2000,Yafaev2000,Yafaev2000:frontmatter,Yafaev2000:ebook2007,PART_OF,INCOMPLETE_CONTENT,"Book title, author, LNM1735, ISBN3-540-67587-6 and copyright2000 match; PDF stops at contents page xvi; no main chapters included"
19,Kato1976,Kato1976,Kato1976:frontmatter,Kato1976:ebook2012,PART_OF,INCOMPLETE_CONTENT,"PDF page3 states Reprint of the1980 Edition; page5 states Corrected Printing of the Second Edition /1980; page6 copyright1966,1976; DOI and1995 imprint onpage4; stops at front matterXXI. Supports edition relations but is not the complete623-page book"
20,Kato1976,Kato1976,Kato1976:cited,Kato1976:printing1980,UPDATED_BY,NOT_ASSESSED,"Official Springer catalog dates; Kato1980/1995 relationship is explicit on preserved21-page publisher front matter, pages3 and5"
21,Kato1976,Kato1976,Kato1976:reprint1995,Kato1976:printing1980,REPRINT_OF,NOT_ASSESSED,"Official Springer catalog dates; Kato1980/1995 relationship is explicit on preserved21-page publisher front matter, pages3 and5"
22,Kato1976,Kato1976,Kato1976:ebook2012,Kato1976:reprint1995,ELECTRONIC_MANIFESTATION_OF,NOT_ASSESSED,"Official Springer catalog dates; Kato1980/1995 relationship is explicit on preserved21-page publisher front matter, pages3 and5"
23,Yafaev2000,Yafaev2000,Yafaev2000:ebook2007,Yafaev2000:cited,ELECTRONIC_MANIFESTATION_OF,NOT_ASSESSED,"Official Springer catalog dates; Kato1980/1995 relationship is explicit on preserved21-page publisher front matter, pages3 and5"
24,LiEtAlErratum2013,LiEtAl2011,LiEtAlErratum2013:available,LiEtAl2011:available,ERRATUM_OF,CORRECTION_REPORTED_NOT_REPROVED,Inherited v1 correction identity and both preserved files; no new scientific verification
25,Toshima1999,Toshima1999,Toshima1999:user-upload-20261001,Toshima1999:cited,COPY_OF,SAME_CITED_PUBLISHED_VERSION_IDENTITY;LATEST_UPDATES_NOT_RECHECKED,USER_UPLOAD; title/author/year/DOI-PII/extent and version leaves: PhysRevA.59.1981.pdf
26,RungeMicha1996,RungeMicha1996,RungeMicha1996:user-upload-20261001,RungeMicha1996:cited,COPY_OF,SAME_CITED_PUBLISHED_VERSION_IDENTITY;LATEST_UPDATES_NOT_RECHECKED,USER_UPLOAD; title/author/year/DOI-PII/extent and version leaves: PhysRevA.53.1388.pdf
27,Dollard1964,Dollard1964,Dollard1964:user-upload-20261001,Dollard1964:cited,COPY_OF,SAME_CITED_PUBLISHED_VERSION_IDENTITY;LATEST_UPDATES_NOT_RECHECKED,USER_UPLOAD; title/author/year/DOI-PII/extent and version leaves: dollard1964.pdf
28,Enss1979,Enss1979,Enss1979:user-upload-20261001,Enss1979:cited,COPY_OF,SAME_CITED_PUBLISHED_VERSION_IDENTITY;LATEST_UPDATES_NOT_RECHECKED,USER_UPLOAD; title/author/year/DOI-PII/extent and version leaves: 1-s2.0-0003491679902525-main.pdf
29,Kato1976,Kato1976,Kato1976:user-upload-20261001,Kato1976:reprint1995,COPY_OF,REPRINT_OF_CORRECTED_1980_PRINTING;1976_VS_1980_CORRECTIONS_NOT_REASSESSED;PUBLISHER_EBOOK_BYTE_EQUIVALENCE_NOT_ASSESSED,USER_UPLOAD; title/author/year/DOI-PII/extent and version leaves: kato1995.pdf
30,Kato1976,Kato1976,Kato1976:user-upload-20261001,Kato1976:frontmatter,EXTENDS_PARTIAL_COPY,COMPLETE_SCHOLARLY_CONTENT_ACQUIRED,"Full supplied body, bibliography and indexes; old front matter retained unchanged."
31,Stewart2011,Stewart2011,Stewart2011:user-upload-20261001,Stewart2011:cited,COPY_OF,SAME_CITED_PUBLISHED_VERSION_IDENTITY;LATEST_UPDATES_NOT_RECHECKED,USER_UPLOAD; title/author/year/DOI-PII/extent and version leaves: stewart2011.pdf
32,Stewart1972,Stewart1972,Stewart1972:user-upload-20261001,Stewart1972:cited,COPY_OF,SAME_CITED_PUBLISHED_VERSION_IDENTITY;LATEST_UPDATES_NOT_RECHECKED,USER_UPLOAD; title/author/year/DOI-PII/extent and version leaves: stewart1972.pdf
33,Mathias1997,Mathias1997,Mathias1997:user-upload-20261001,Mathias1997:cited,COPY_OF,SAME_CITED_PUBLISHED_VERSION_IDENTITY;LATEST_UPDATES_NOT_RECHECKED,USER_UPLOAD; title/author/year/DOI-PII/extent and version leaves: mathias1997.pdf
34,Antonio2024,Antonio2024,Antonio2024:user-upload-20261001,Antonio2024:cited,COPY_OF,SAME_CITED_PUBLISHED_VERSION_IDENTITY;LATEST_UPDATES_NOT_RECHECKED,USER_UPLOAD; title/author/year/DOI-PII/extent and version leaves: PhysRevA.110.062810.pdf
35,Yafaev2000,Yafaev2000,Yafaev2000:user-upload-20261001,Yafaev2000:cited,COPY_OF,CITED_2000_BOOK_IDENTITY_VERIFIED;2007_EBOOK_BYTE_EQUIVALENCE_NOT_ASSESSED,USER_UPLOAD; title/author/year/DOI-PII/extent and version leaves: yafaev2000.pdf
36,Yafaev2000,Yafaev2000,Yafaev2000:user-upload-20261001,Yafaev2000:frontmatter,EXTENDS_PARTIAL_COPY,COMPLETE_SCHOLARLY_CONTENT_ACQUIRED,"Full supplied body, bibliography and indexes; old front matter retained unchanged."
37,KuangLin1996,KuangLin1996,KuangLin1996:user-upload-20261001,KuangLin1996:cited,COPY_OF,SAME_CITED_PUBLISHED_VERSION_IDENTITY;LATEST_UPDATES_NOT_RECHECKED,USER_UPLOAD; title/author/year/DOI-PII/extent and version leaves: Jiyun_Kuang_1996_J._Phys._B__At._Mol._Opt._Phys._29_5443.pdf
38,Errea1998,Errea1998,Errea1998:user-upload-20261001,Errea1998:cited,COPY_OF,SAME_CITED_PUBLISHED_VERSION_IDENTITY;LATEST_UPDATES_NOT_RECHECKED,USER_UPLOAD; title/author/year/DOI-PII/extent and version leaves: L_F_Errea_1998_J._Phys._B__At._Mol._Opt._Phys._31_3199.pdf
39,DickinsonMcCarroll1983,DickinsonMcCarroll1983,DickinsonMcCarroll1983:user-upload-20261001,DickinsonMcCarroll1983:cited,COPY_OF,SAME_CITED_PUBLISHED_VERSION_IDENTITY;LATEST_UPDATES_NOT_RECHECKED,USER_UPLOAD; title/author/year/DOI-PII/extent and version leaves: A_S_Dickinson_1983_J._Phys._B__Atom._Mol._Phys._16_459.pdf
40,Kunikeev1999,Kunikeev1999,Kunikeev1999:user-upload-20261001,Kunikeev1999:cited,COPY_OF,SAME_CITED_PUBLISHED_VERSION_IDENTITY;LATEST_UPDATES_NOT_RECHECKED,USER_UPLOAD; title/author/year/DOI-PII/extent and version leaves: 1-s2.0-S0168583X99000130-main.pdf
