work_id,source_id,title,authors,doi,arxiv,publication_year,fulltext_status,version_class,fulltext_format,cited_version_id,selected_version_id,latest_version,selection_reason,material_change_status,manual_access,notes,attempt_count,routes_checked,independent_route_minimum_met,failure_classes,acquired_file,source_url,previous_v2_status,user_uploaded_file,user_upload_sha256,user_uploaded_page_count,acquisition_provenance
Toshima1999,Toshima1999,Convergence and completeness of the pseudostate expansion for proton-hydrogen collisions in two-center close-coupling calculations,Nobuyuki Toshima,10.1103/PhysRevA.59.1981,,1999,EXACT_VERSION_VERIFIED,EXACT_PUBLISHER_FULLTEXT,PDF,Toshima1999:cited,Toshima1999:user-upload-20261001,User-supplied selected manifestation; newest publisher revision not rechecked,"User-supplied publisher-formatted cited article; title/authors/year/DOI or PII/journal-range agree; signature, all-page parsing and physical extent checked. Not a claim of identical publisher-server bytes or latest Crossmark status.",SAME_CITED_PUBLISHED_VERSION_IDENTITY;LATEST_UPDATES_NOT_RECHECKED,Complete selected fulltext now supplied; prior route failures remain historical,"V2 historical: Original v1 metadata and rows remain in sources; current recovery state is in works. Checked publisher plus independent arXiv title search and DOI-linked metadata/repository routes. Public-copy absence is not proved. Failure classes: AUTHENTICATION_REQUIRED, NETWORK_FAILURE V3 current: User-supplied publisher-formatted cited article; title/authors/year/DOI or PII/journal-range agree; signature, all-page parsing and physical extent checked. Not a claim of identical publisher-server bytes or latest Crossmark status.",11,"[""arxiv_title_search"", ""hal_metadata"", ""openalex_metadata"", ""publisher"", ""semantic_scholar_metadata""]",True,"[""AUTHENTICATION_REQUIRED"", ""NETWORK_FAILURE""]",v3/user_uploads/paper/PhysRevA.59.1981.pdf,attachment:paper(1).zip#paper/PhysRevA.59.1981.pdf,NOT_ACQUIRED_FINAL,v3/user_uploads/paper/PhysRevA.59.1981.pdf,914e476ff4d085cfb949fecb73ab08143bec7884f600904d8c1f26f0563a41ca,7,USER_UPLOAD
RungeMicha1996,RungeMicha1996,Time-dependent approach to slow ion-atom collisions for systems with one active electron,Keith Runge; David A. Micha,10.1103/PhysRevA.53.1388,,1996,EXACT_VERSION_VERIFIED,EXACT_PUBLISHER_FULLTEXT,PDF,RungeMicha1996:cited,RungeMicha1996:user-upload-20261001,User-supplied selected manifestation; newest publisher revision not rechecked,"User-supplied publisher-formatted cited article; title/authors/year/DOI or PII/journal-range agree; signature, all-page parsing and physical extent checked. Not a claim of identical publisher-server bytes or latest Crossmark status.",SAME_CITED_PUBLISHED_VERSION_IDENTITY;LATEST_UPDATES_NOT_RECHECKED,Complete selected fulltext now supplied; prior route failures remain historical,"V2 historical: Original v1 metadata and rows remain in sources; current recovery state is in works. Checked publisher plus independent arXiv title search and DOI-linked metadata/repository routes. Public-copy absence is not proved. Failure classes: AUTHENTICATION_REQUIRED, NETWORK_FAILURE V3 current: User-supplied publisher-formatted cited article; title/authors/year/DOI or PII/journal-range agree; signature, all-page parsing and physical extent checked. Not a claim of identical publisher-server bytes or latest Crossmark status.",12,"[""arxiv_title_search"", ""hal_metadata"", ""institutional_landing"", ""openalex_metadata"", ""publisher"", ""semantic_scholar_metadata""]",True,"[""AUTHENTICATION_REQUIRED"", ""NETWORK_FAILURE""]",v3/user_uploads/paper/PhysRevA.53.1388.pdf,attachment:paper(1).zip#paper/PhysRevA.53.1388.pdf,NOT_ACQUIRED_FINAL,v3/user_uploads/paper/PhysRevA.53.1388.pdf,23da26af422349ee5244179d3d5d51c02bfc9714de2d70b4bd8aed031cbb890d,12,USER_UPLOAD
Dollard1964,Dollard1964,Asymptotic Convergence and the Coulomb Interaction,John D. Dollard,10.1063/1.1704171,,1964,EXACT_VERSION_VERIFIED,EXACT_PUBLISHER_FULLTEXT,PDF,Dollard1964:cited,Dollard1964:user-upload-20261001,User-supplied selected manifestation; newest publisher revision not rechecked,"User-supplied publisher-formatted cited article; title/authors/year/DOI or PII/journal-range agree; signature, all-page parsing and physical extent checked. Not a claim of identical publisher-server bytes or latest Crossmark status.",SAME_CITED_PUBLISHED_VERSION_IDENTITY;LATEST_UPDATES_NOT_RECHECKED,Complete selected fulltext now supplied; prior route failures remain historical,"V2 historical: Original v1 metadata and rows remain in sources; current recovery state is in works. Checked publisher plus independent arXiv title search and DOI-linked metadata/repository routes. Public-copy absence is not proved. Failure classes: NETWORK_FAILURE, PUBLISHER_ACCESS_RESTRICTED V3 current: User-supplied publisher-formatted cited article; title/authors/year/DOI or PII/journal-range agree; signature, all-page parsing and physical extent checked. Not a claim of identical publisher-server bytes or latest Crossmark status.",12,"[""arxiv_title_search"", ""hal_metadata"", ""independent_disciplinary_repository"", ""institutional_landing"", ""openalex_metadata"", ""publisher"", ""semantic_scholar_metadata""]",True,"[""NETWORK_FAILURE"", ""PUBLISHER_ACCESS_RESTRICTED""]",v3/user_uploads/paper/dollard1964.pdf,attachment:paper(1).zip#paper/dollard1964.pdf,NOT_ACQUIRED_FINAL,v3/user_uploads/paper/dollard1964.pdf,44f45d9333f664bb3466e4bae9edb653673e2dcc41800d7861807f973a927aaf,11,USER_UPLOAD
Enss1979,Enss1979,Asymptotic completeness for quantum-mechanical potential scattering: II. Singular and long-range potentials,Volker Enss,10.1016/0003-4916(79)90252-5,,1979,EXACT_VERSION_VERIFIED,EXACT_PUBLISHER_FULLTEXT,PDF,Enss1979:cited,Enss1979:user-upload-20261001,User-supplied selected manifestation; newest publisher revision not rechecked,"User-supplied publisher-formatted cited article; title/authors/year/DOI or PII/journal-range agree; signature, all-page parsing and physical extent checked. Not a claim of identical publisher-server bytes or latest Crossmark status.",SAME_CITED_PUBLISHED_VERSION_IDENTITY;LATEST_UPDATES_NOT_RECHECKED,Complete selected fulltext now supplied; prior route failures remain historical,"V2 historical: Original v1 metadata and rows remain in sources; current recovery state is in works. Checked publisher plus independent arXiv title search and DOI-linked metadata/repository routes. Public-copy absence is not proved. Failure classes: NETWORK_FAILURE, PUBLISHER_ACCESS_RESTRICTED V3 current: User-supplied publisher-formatted cited article; title/authors/year/DOI or PII/journal-range agree; signature, all-page parsing and physical extent checked. Not a claim of identical publisher-server bytes or latest Crossmark status.",10,"[""arxiv_title_search"", ""hal_metadata"", ""institutional_landing"", ""openalex_metadata"", ""publisher"", ""semantic_scholar_metadata""]",True,"[""NETWORK_FAILURE"", ""PUBLISHER_ACCESS_RESTRICTED""]",v3/user_uploads/paper/1-s2.0-0003491679902525-main.pdf,attachment:paper(1).zip#paper/1-s2.0-0003491679902525-main.pdf,NOT_ACQUIRED_FINAL,v3/user_uploads/paper/1-s2.0-0003491679902525-main.pdf,85c070561cdb8285777ccceb9d4ff87769894d9f31c577029bedf5ade8df953b,16,USER_UPLOAD
Kato1976,Kato1976,Perturbation Theory for Linear Operators,Tosio Kato,10.1007/978-3-642-66282-9,,1995,BOOK_REPRINT_VERIFIED,BOOK_REPRINT,PDF,Kato1976:cited,Kato1976:user-upload-20261001,User-supplied selected manifestation; newest publisher revision not rechecked,"User-supplied1995 reprint of1980 corrected second edition; explicit DOI/copyright/edition leaves; complete internal front matter and printed scholarly folios1–619, plus publisher end matter, physical643 pages. All619 body slots present; eight OCR folio-boundary exceptions visually checked. Publisher metadataXXI623 and chapter locator offsets are disclosed; no missing scholarly section identified. Cited1976 anchor remains separate.",REPRINT_OF_CORRECTED_1980_PRINTING;1976_VS_1980_CORRECTIONS_NOT_REASSESSED;PUBLISHER_EBOOK_BYTE_EQUIVALENCE_NOT_ASSESSED,Complete selected fulltext now supplied; prior route failures remain historical,"V2 historical: Original v1 metadata and rows remain in sources; current recovery state is in works. Cited second edition1976; corrected printing1980; DOI-linked Classics1995 reprint; ebook2012. Official21-page front matter confirms1980/1995 relation; it is not a complete book. Checked publisher plus independent arXiv title search and DOI-linked metadata/repository routes. Public-copy absence is not proved. Failure classes: DOWNLOAD_RETURNED_HTML_NOT_PDF, NETWORK_FAILURE, PUBLIC_FULLTEXT_NOT_FOUND V3 current: User-supplied1995 reprint of1980 corrected second edition; explicit DOI/copyright/edition leaves; complete internal front matter and printed scholarly folios1–619, plus publisher end matter, physical643 pages. All619 body slots present; eight OCR folio-boundary exceptions visually checked. Publisher metadataXXI623 and chapter locator offsets are disclosed; no missing scholarly section identified. Cited1976 anchor remains separate.",19,"[""arxiv_title_search"", ""hal_metadata"", ""institutional_landing"", ""official_open_book_frontmatter"", ""openalex_metadata"", ""publisher"", ""semantic_scholar_metadata""]",True,"[""DOWNLOAD_RETURNED_HTML_NOT_PDF"", ""NETWORK_FAILURE"", ""PUBLIC_FULLTEXT_NOT_FOUND""]",v3/user_uploads/paper/kato1995.pdf,attachment:paper(1).zip#paper/kato1995.pdf,FULL_BOOK_NOT_PUBLICLY_ACQUIRED,v3/user_uploads/paper/kato1995.pdf,faed3dd2023e6f932e7571c71229a58b95ee1ddce4a1efc1bee1f2e3f731a190,643,USER_UPLOAD
Stewart2011,Stewart2011,On the Numerical Analysis of Oblique Projectors,G. W. Stewart,10.1137/100792093,,2011,EXACT_VERSION_VERIFIED,EXACT_PUBLISHER_FULLTEXT,PDF,Stewart2011:cited,Stewart2011:user-upload-20261001,User-supplied selected manifestation; newest publisher revision not rechecked,"User-supplied publisher-formatted cited article; title/authors/year/DOI or PII/journal-range agree; signature, all-page parsing and physical extent checked. Not a claim of identical publisher-server bytes or latest Crossmark status.",SAME_CITED_PUBLISHED_VERSION_IDENTITY;LATEST_UPDATES_NOT_RECHECKED,Complete selected fulltext now supplied; prior route failures remain historical,"V2 historical: Original v1 metadata and rows remain in sources; current recovery state is in works. Checked publisher plus independent arXiv title search and DOI-linked metadata/repository routes. Public-copy absence is not proved. Failure classes: NETWORK_FAILURE, PUBLIC_FULLTEXT_NOT_FOUND, PUBLISHER_ACCESS_RESTRICTED V3 current: User-supplied publisher-formatted cited article; title/authors/year/DOI or PII/journal-range agree; signature, all-page parsing and physical extent checked. Not a claim of identical publisher-server bytes or latest Crossmark status.",12,"[""arxiv_title_search"", ""hal_metadata"", ""institutional_landing"", ""openalex_metadata"", ""publisher"", ""semantic_scholar_metadata""]",True,"[""NETWORK_FAILURE"", ""PUBLIC_FULLTEXT_NOT_FOUND"", ""PUBLISHER_ACCESS_RESTRICTED""]",v3/user_uploads/paper/stewart2011.pdf,attachment:paper(1).zip#paper/stewart2011.pdf,NOT_ACQUIRED_FINAL,v3/user_uploads/paper/stewart2011.pdf,6891330cae5e69f01cdd666941fa4f0f9701cbce97154210076f9716355463a2,40,USER_UPLOAD
TemplatesGHEP,TemplatesGHEP,5. Generalized Hermitian Eigenvalue Problems,M. Gu; A. Ruhe; G. Sleijpen; H. van der Vorst; Z. Bai; R. Li,10.1137/1.9780898719581.ch5,,2000,INSTITUTIONAL_COPY_VERIFIED,INSTITUTIONAL_COPY,HTML_CHAPTER_BUNDLE,TemplatesGHEP:cited,TemplatesGHEP:available,Official author-hosted Netlib web edition; revision number not stated,Complete official author-hosted web chapter; publisher PDF unavailable,NOT_ASSESSED_AGAINST_CITED_PUBLISHER_VERSION,,Original v1 metadata and rows remain in sources; current recovery state is in works.,403,"[""arxiv_title_search"", ""hal_metadata"", ""official_author_book_index"", ""official_chapter_asset"", ""official_chapter_footnote_dependency"", ""official_chapter_missing_asset"", ""official_chapter_missing_subnode"", ""official_complete_chapter_node"", ""official_footnote_image"", ""openalex_metadata"", ""publisher"", ""semantic_scholar_metadata""]",True,"[""NETWORK_FAILURE"", ""PUBLISHER_ACCESS_RESTRICTED""]",v2/verified_chapter/START_HERE.html,https://www.netlib.org/utk/people/JackDongarra/etemplates/node155.html,INSTITUTIONAL_COPY_VERIFIED,,,,
Stewart1972,Stewart1972,On the Sensitivity of the Eigenvalue Problem $Ax = \lambda Bx$,G. W. Stewart,10.1137/0709056,,1972,EXACT_VERSION_VERIFIED,EXACT_PUBLISHER_FULLTEXT,PDF,Stewart1972:cited,Stewart1972:user-upload-20261001,User-supplied selected manifestation; newest publisher revision not rechecked,"User-supplied publisher-formatted cited article; title/authors/year/DOI or PII/journal-range agree; signature, all-page parsing and physical extent checked. Not a claim of identical publisher-server bytes or latest Crossmark status.",SAME_CITED_PUBLISHED_VERSION_IDENTITY;LATEST_UPDATES_NOT_RECHECKED,Complete selected fulltext now supplied; prior route failures remain historical,"V2 historical: Original v1 metadata and rows remain in sources; current recovery state is in works. Checked publisher plus independent arXiv title search and DOI-linked metadata/repository routes. Public-copy absence is not proved. Failure classes: NETWORK_FAILURE, PUBLISHER_ACCESS_RESTRICTED V3 current: User-supplied publisher-formatted cited article; title/authors/year/DOI or PII/journal-range agree; signature, all-page parsing and physical extent checked. Not a claim of identical publisher-server bytes or latest Crossmark status.",11,"[""arxiv_title_search"", ""hal_metadata"", ""institutional_landing"", ""openalex_metadata"", ""publisher"", ""semantic_scholar_metadata""]",True,"[""NETWORK_FAILURE"", ""PUBLISHER_ACCESS_RESTRICTED""]",v3/user_uploads/paper/stewart1972.pdf,attachment:paper(1).zip#paper/stewart1972.pdf,NOT_ACQUIRED_FINAL,v3/user_uploads/paper/stewart1972.pdf,43b2664a78da9f09da9545312e12f8df8a6e9572de3cf2bed2c071ca1752f28f,18,USER_UPLOAD
Mathias1997,Mathias1997,A Bound for the Matrix Square Root with Application to Eigenvector Perturbation,Roy Mathias,10.1137/S5089547989529577,,1997,EXACT_VERSION_VERIFIED,EXACT_PUBLISHER_FULLTEXT,PDF,Mathias1997:cited,Mathias1997:user-upload-20261001,User-supplied selected manifestation; newest publisher revision not rechecked,"User-supplied publisher-formatted cited article; title/authors/year/DOI or PII/journal-range agree; signature, all-page parsing and physical extent checked. Not a claim of identical publisher-server bytes or latest Crossmark status.",SAME_CITED_PUBLISHED_VERSION_IDENTITY;LATEST_UPDATES_NOT_RECHECKED,Complete selected fulltext now supplied; prior route failures remain historical,"V2 historical: Original v1 metadata and rows remain in sources; current recovery state is in works. Author PostScript route failed TLS certificate validation; Citeseer404/429. This does not establish absence of a legal public manuscript. Checked publisher plus independent arXiv title search and DOI-linked metadata/repository routes. Public-copy absence is not proved. Failure classes: NETWORK_FAILURE, PUBLIC_FULLTEXT_NOT_FOUND, PUBLISHER_ACCESS_RESTRICTED, RATE_LIMITED V3 current: User-supplied publisher-formatted cited article; title/authors/year/DOI or PII/journal-range agree; signature, all-page parsing and physical extent checked. Not a claim of identical publisher-server bytes or latest Crossmark status.",15,"[""arxiv_title_search"", ""author_original_postscript"", ""hal_metadata"", ""identified_institutional_fulltext"", ""institutional_landing"", ""openalex_metadata"", ""publisher"", ""semantic_scholar_metadata""]",True,"[""NETWORK_FAILURE"", ""PUBLIC_FULLTEXT_NOT_FOUND"", ""PUBLISHER_ACCESS_RESTRICTED"", ""RATE_LIMITED""]",v3/user_uploads/paper/mathias1997.pdf,attachment:paper(1).zip#paper/mathias1997.pdf,NOT_ACQUIRED_FINAL,v3/user_uploads/paper/mathias1997.pdf,388df5a76016569573e1e536b7582d0b6b1e3d4ffd24e14b60200f477c55ecc6,7,USER_UPLOAD
BrayStelbovics1992PRL,BrayStelbovics1992PRL,Explicit demonstration of the convergence of the close-coupling method for a Coulomb three-body problem,Igor Bray; Andris T. Stelbovics,10.1103/PhysRevLett.69.53,,1992,EXACT_VERSION_VERIFIED,EXACT_PUBLISHER_FULLTEXT,PDF,BrayStelbovics1992PRL:cited,BrayStelbovics1992PRL:available,1992 published version with Murdoch repository cover,Prefer exact cited published version acquired from institutional/author deposit,SAME_CITED_PUBLISHED_VERSION,,Original v1 metadata and rows remain in sources; current recovery state is in works.,14,"[""arxiv_title_search"", ""hal_metadata"", ""identified_institutional_fulltext"", ""institutional_landing"", ""openalex_metadata"", ""publisher"", ""semantic_scholar_metadata""]",True,"[""AUTHENTICATION_REQUIRED"", ""NETWORK_FAILURE""]",v2/acquisition/literature/BrayStelbovics1992PRL/identified_00.pdf,https://researchportal.murdoch.edu.au/view/pdfCoverPage?download=true&filePid=13136940910007891&instCode=61MUN_INST,EXACT_VERSION_VERIFIED,,,,
BrayStelbovics1992PRA,BrayStelbovics1992PRA,Convergent close-coupling calculations of electron-hydrogen scattering,Igor Bray; Andris T. Stelbovics,10.1103/PhysRevA.46.6995,,1992,EXACT_VERSION_VERIFIED,EXACT_PUBLISHER_FULLTEXT,PDF,BrayStelbovics1992PRA:cited,BrayStelbovics1992PRA:available,1992 published version with Murdoch repository cover,Prefer exact cited published version acquired from institutional/author deposit,SAME_CITED_PUBLISHED_VERSION,,Original v1 metadata and rows remain in sources; current recovery state is in works.,14,"[""arxiv_title_search"", ""hal_metadata"", ""identified_institutional_fulltext"", ""institutional_landing"", ""openalex_metadata"", ""publisher"", ""semantic_scholar_metadata""]",True,"[""AUTHENTICATION_REQUIRED"", ""NETWORK_FAILURE""]",v2/acquisition/literature/BrayStelbovics1992PRA/identified_00.pdf,https://researchportal.murdoch.edu.au/view/pdfCoverPage?download=true&filePid=13137046580007891&instCode=61MUN_INST,EXACT_VERSION_VERIFIED,,,,
Antonio2024,Antonio2024,Connecting excitation and ionization cross sections in electron-atom scattering,Nicholas W. Antonio; Igor Bray; Alisher S. Kadyrov,10.1103/PhysRevA.110.062810,,2024,EXACT_VERSION_VERIFIED,EXACT_PUBLISHER_FULLTEXT,PDF,Antonio2024:cited,Antonio2024:user-upload-20261001,User-supplied selected manifestation; newest publisher revision not rechecked,"User-supplied publisher-formatted cited article; title/authors/year/DOI or PII/journal-range agree; signature, all-page parsing and physical extent checked. Not a claim of identical publisher-server bytes or latest Crossmark status.",SAME_CITED_PUBLISHED_VERSION_IDENTITY;LATEST_UPDATES_NOT_RECHECKED,Complete selected fulltext now supplied; prior route failures remain historical,"V2 historical: Original v1 metadata and rows remain in sources; current recovery state is in works. Checked publisher plus independent arXiv title search and DOI-linked metadata/repository routes. Public-copy absence is not proved. Failure classes: AUTHENTICATION_REQUIRED, NETWORK_FAILURE V3 current: User-supplied publisher-formatted cited article; title/authors/year/DOI or PII/journal-range agree; signature, all-page parsing and physical extent checked. Not a claim of identical publisher-server bytes or latest Crossmark status.",11,"[""arxiv_title_search"", ""hal_metadata"", ""openalex_metadata"", ""publisher"", ""semantic_scholar_metadata""]",True,"[""AUTHENTICATION_REQUIRED"", ""NETWORK_FAILURE""]",v3/user_uploads/paper/PhysRevA.110.062810.pdf,attachment:paper(1).zip#paper/PhysRevA.110.062810.pdf,NOT_ACQUIRED_FINAL,v3/user_uploads/paper/PhysRevA.110.062810.pdf,fbeb86bae341953631e3466eefd51b756756f475bff0346b82446af56363cd60,6,USER_UPLOAD
Yafaev2000,Yafaev2000,Scattering Theory: Some Old and New Problems,Dmitri R. Yafaev,10.1007/BFb0105531,,2000,BOOK_EDITION_VERIFIED,BOOK_EDITION,PDF,Yafaev2000:cited,Yafaev2000:user-upload-20261001,User-supplied selected manifestation; newest publisher revision not rechecked,"User-supplied LNM1735 book2000, ISBN3-540-67587-6; physical185 pages. Complete scholarly folios1–153 and155–169, front matter throughxvi; official publisher chapter17 ends153 and back matter is155–169. Folio154 is not a missing listed chapter page. Bibliography/index reach169. Publisher catalogXVI176 is retained as distinct metadata; not substituted by ICM1998 article.",CITED_2000_BOOK_IDENTITY_VERIFIED;2007_EBOOK_BYTE_EQUIVALENCE_NOT_ASSESSED,Complete selected fulltext now supplied; prior route failures remain historical,"V2 historical: Original v1 metadata and rows remain in sources; current recovery state is in works. Book LNM1735, first edition2000; ebook2007. Only front matter i–xvi acquired. Same-title ICM1998 article is a different work. Checked publisher plus independent arXiv title search and DOI-linked metadata/repository routes. Public-copy absence is not proved. Failure classes: DOWNLOAD_RETURNED_HTML_NOT_PDF, NETWORK_FAILURE V3 current: User-supplied LNM1735 book2000, ISBN3-540-67587-6; physical185 pages. Complete scholarly folios1–153 and155–169, front matter throughxvi; official publisher chapter17 ends153 and back matter is155–169. Folio154 is not a missing listed chapter page. Bibliography/index reach169. Publisher catalogXVI176 is retained as distinct metadata; not substituted by ICM1998 article.",17,"[""arxiv_title_search"", ""hal_metadata"", ""institutional_landing"", ""openalex_metadata"", ""publisher"", ""semantic_scholar_linked_fulltext"", ""semantic_scholar_metadata""]",True,"[""DOWNLOAD_RETURNED_HTML_NOT_PDF"", ""NETWORK_FAILURE""]",v3/user_uploads/paper/yafaev2000.pdf,attachment:paper(1).zip#paper/yafaev2000.pdf,FULL_BOOK_NOT_PUBLICLY_ACQUIRED,v3/user_uploads/paper/yafaev2000.pdf,474cc0c5e0c4929ab654661652bea9400fb9523399e957a5de7d318fbb6ca7d7,185,USER_UPLOAD
KuangLin1996,KuangLin1996,Comprehensive convergence study of TCAO close-coupling method for the excitation and ionization in keV collisions,Jiyun Kuang; C D Lin,10.1088/0953-4075/29/22/020,,1996,EXACT_VERSION_VERIFIED,EXACT_PUBLISHER_FULLTEXT,PDF,KuangLin1996:cited,KuangLin1996:user-upload-20261001,User-supplied selected manifestation; newest publisher revision not rechecked,"User-supplied publisher-formatted cited article; title/authors/year/DOI or PII/journal-range agree; signature, all-page parsing and physical extent checked. Not a claim of identical publisher-server bytes or latest Crossmark status.",SAME_CITED_PUBLISHED_VERSION_IDENTITY;LATEST_UPDATES_NOT_RECHECKED,Complete selected fulltext now supplied; prior route failures remain historical,"V2 historical: Original v1 metadata and rows remain in sources; current recovery state is in works. j189.pdf is a different Montenegro1997 work, rejected. Exact author-list j184 link is dead or returns HTML. Checked publisher plus independent arXiv title search and DOI-linked metadata/repository routes. Public-copy absence is not proved. Failure classes: DOWNLOAD_RETURNED_HTML_NOT_PDF, NETWORK_FAILURE V3 current: User-supplied publisher-formatted cited article; title/authors/year/DOI or PII/journal-range agree; signature, all-page parsing and physical extent checked. Not a claim of identical publisher-server bytes or latest Crossmark status.",16,"[""arxiv_title_search"", ""author_index_explicit_fulltext"", ""author_publication_index"", ""hal_metadata"", ""identified_institutional_fulltext"", ""openalex_linked_fulltext"", ""openalex_metadata"", ""publisher"", ""semantic_scholar_linked_fulltext"", ""semantic_scholar_metadata""]",True,"[""DOWNLOAD_RETURNED_HTML_NOT_PDF"", ""NETWORK_FAILURE""]",v3/user_uploads/paper/Jiyun_Kuang_1996_J._Phys._B__At._Mol._Opt._Phys._29_5443.pdf,attachment:paper(1).zip#paper/Jiyun_Kuang_1996_J._Phys._B__At._Mol._Opt._Phys._29_5443.pdf,NOT_ACQUIRED_FINAL,v3/user_uploads/paper/Jiyun_Kuang_1996_J._Phys._B__At._Mol._Opt._Phys._29_5443.pdf,20892f85ab70bf4050c6cd9176f7b8004d44d41d7b06fdb241d28c9c5af29e76,16,USER_UPLOAD
KuangLin1997,KuangLin1997,"Convergent TCAO close-coupling calculations for electron transfer, excitation and ionization in intermediate keV He2+–H collisions",Jiyun Kuang; C D Lin,10.1088/0953-4075/30/1/012,,1997,EXACT_VERSION_VERIFIED,EXACT_PUBLISHER_FULLTEXT,PDF,KuangLin1997:cited,KuangLin1997:available,1997 J. Phys. B 30:101–113 publisher-formatted author deposit,Prefer exact cited published version acquired from institutional/author deposit,SAME_CITED_PUBLISHED_VERSION,,Original v1 metadata and rows remain in sources; current recovery state is in works.,12,"[""arxiv_title_search"", ""hal_metadata"", ""identified_institutional_fulltext"", ""openalex_linked_fulltext"", ""openalex_metadata"", ""publisher"", ""semantic_scholar_linked_fulltext"", ""semantic_scholar_metadata""]",True,"[""DOWNLOAD_RETURNED_HTML_NOT_PDF"", ""NETWORK_FAILURE""]",v2/acquisition/literature/KuangLin1997/identified_00.pdf,https://www.phys.ksu.edu/personal/cdlin/articles/cdl/j190.pdf,EXACT_VERSION_VERIFIED,,,,
Errea1998,Errea1998,Convergent molecular close-coupling calculations for ion-atom collisions from low to intermediate energies,L F Errea; C Harel; C Illescas; H Jouin; L Méndez; B Pons; A Riera,10.1088/0953-4075/31/14/017,,1998,EXACT_VERSION_VERIFIED,EXACT_PUBLISHER_FULLTEXT,PDF,Errea1998:cited,Errea1998:user-upload-20261001,User-supplied selected manifestation; newest publisher revision not rechecked,"User-supplied publisher-formatted cited article; title/authors/year/DOI or PII/journal-range agree; signature, all-page parsing and physical extent checked. Not a claim of identical publisher-server bytes or latest Crossmark status.",SAME_CITED_PUBLISHED_VERSION_IDENTITY;LATEST_UPDATES_NOT_RECHECKED,Complete selected fulltext now supplied; prior route failures remain historical,"V2 historical: Original v1 metadata and rows remain in sources; current recovery state is in works. HAL metadata/landing timed out and explicit hal-01566050/document returned404; no bypass attempted. Checked publisher plus independent arXiv title search and DOI-linked metadata/repository routes. Public-copy absence is not proved. Failure classes: DOWNLOAD_RETURNED_HTML_NOT_PDF, NETWORK_FAILURE, PUBLIC_FULLTEXT_NOT_FOUND V3 current: User-supplied publisher-formatted cited article; title/authors/year/DOI or PII/journal-range agree; signature, all-page parsing and physical extent checked. Not a claim of identical publisher-server bytes or latest Crossmark status.",15,"[""arxiv_title_search"", ""hal_metadata"", ""identified_hal_document"", ""institutional_landing"", ""openalex_metadata"", ""publisher"", ""semantic_scholar_metadata""]",True,"[""DOWNLOAD_RETURNED_HTML_NOT_PDF"", ""NETWORK_FAILURE"", ""PUBLIC_FULLTEXT_NOT_FOUND""]",v3/user_uploads/paper/L_F_Errea_1998_J._Phys._B__At._Mol._Opt._Phys._31_3199.pdf,attachment:paper(1).zip#paper/L_F_Errea_1998_J._Phys._B__At._Mol._Opt._Phys._31_3199.pdf,NOT_ACQUIRED_FINAL,v3/user_uploads/paper/L_F_Errea_1998_J._Phys._B__At._Mol._Opt._Phys._31_3199.pdf,2a5b2fb3eee7a0bf657db832652e7e12f11946773fd70202c20b8a7a5a6ae10c,17,USER_UPLOAD
DickinsonMcCarroll1983,DickinsonMcCarroll1983,Adiabatic switching factors in slow atomic collisions,A S Dickinson; R McCarroll,10.1088/0022-3700/16/3/020,,1983,EXACT_VERSION_VERIFIED,EXACT_PUBLISHER_FULLTEXT,PDF,DickinsonMcCarroll1983:cited,DickinsonMcCarroll1983:user-upload-20261001,User-supplied selected manifestation; newest publisher revision not rechecked,"User-supplied publisher-formatted cited article; title/authors/year/DOI or PII/journal-range agree; signature, all-page parsing and physical extent checked. Not a claim of identical publisher-server bytes or latest Crossmark status.",SAME_CITED_PUBLISHED_VERSION_IDENTITY;LATEST_UPDATES_NOT_RECHECKED,Complete selected fulltext now supplied; prior route failures remain historical,"V2 historical: Original v1 metadata and rows remain in sources; current recovery state is in works. Checked publisher plus independent arXiv title search and DOI-linked metadata/repository routes. Public-copy absence is not proved. Failure classes: DOWNLOAD_RETURNED_HTML_NOT_PDF, NETWORK_FAILURE V3 current: User-supplied publisher-formatted cited article; title/authors/year/DOI or PII/journal-range agree; signature, all-page parsing and physical extent checked. Not a claim of identical publisher-server bytes or latest Crossmark status.",9,"[""arxiv_title_search"", ""hal_metadata"", ""openalex_metadata"", ""publisher"", ""semantic_scholar_metadata""]",True,"[""DOWNLOAD_RETURNED_HTML_NOT_PDF"", ""NETWORK_FAILURE""]",v3/user_uploads/paper/A_S_Dickinson_1983_J._Phys._B__Atom._Mol._Phys._16_459.pdf,attachment:paper(1).zip#paper/A_S_Dickinson_1983_J._Phys._B__Atom._Mol._Phys._16_459.pdf,NOT_ACQUIRED_FINAL,v3/user_uploads/paper/A_S_Dickinson_1983_J._Phys._B__Atom._Mol._Phys._16_459.pdf,f06d5229f244ec1aa3168ea1fae074f1ebc1aa517f08c3f3012c88cf61e17bc5,9,USER_UPLOAD
Kunikeev1999,Kunikeev1999,Asymptotic expansions for three-body continuum and bound states relevant for ion–atom collision processes,Sh.D. Kunikeev,10.1016/S0168-583X(99)00013-0,,1999,EXACT_VERSION_VERIFIED,EXACT_PUBLISHER_FULLTEXT,PDF,Kunikeev1999:cited,Kunikeev1999:user-upload-20261001,User-supplied selected manifestation; newest publisher revision not rechecked,"User-supplied publisher-formatted cited article; title/authors/year/DOI or PII/journal-range agree; signature, all-page parsing and physical extent checked. Not a claim of identical publisher-server bytes or latest Crossmark status.",SAME_CITED_PUBLISHED_VERSION_IDENTITY;LATEST_UPDATES_NOT_RECHECKED,Complete selected fulltext now supplied; prior route failures remain historical,"V2 historical: Original v1 metadata and rows remain in sources; current recovery state is in works. Checked publisher plus independent arXiv title search and DOI-linked metadata/repository routes. Public-copy absence is not proved. Failure classes: NETWORK_FAILURE, PUBLISHER_ACCESS_RESTRICTED V3 current: User-supplied publisher-formatted cited article; title/authors/year/DOI or PII/journal-range agree; signature, all-page parsing and physical extent checked. Not a claim of identical publisher-server bytes or latest Crossmark status.",9,"[""arxiv_title_search"", ""hal_metadata"", ""openalex_metadata"", ""publisher"", ""semantic_scholar_metadata""]",True,"[""NETWORK_FAILURE"", ""PUBLISHER_ACCESS_RESTRICTED""]",v3/user_uploads/paper/1-s2.0-S0168583X99000130-main.pdf,attachment:paper(1).zip#paper/1-s2.0-S0168583X99000130-main.pdf,NOT_ACQUIRED_FINAL,v3/user_uploads/paper/1-s2.0-S0168583X99000130-main.pdf,0f273b2bfe6a25ed3ae9fd3f0079556df62a6e316ff8154373067e2c76b8de50,7,USER_UPLOAD
