time_year,stopping_heat_power_J_m3_s,terminal_selected_heat_power_J_m3_s,deposited_stopping_energy_J_m3,active_electron_kinetic_J_m3,cutoff_residual_kinetic_J_m3,injected_selected_electron_energy_J_m3
1.0,3.333226380446348e-49,3.4526106219762893e-46,3.509675044172547e-42,5.444035502171058e-39,2.6007098871853645e-43,5.447805248203949e-39
4.948510976753619,8.055002454935408e-48,1.7085281561305806e-45,4.20945485285339e-40,1.329548880623285e-37,2.871872962622226e-41,1.334045522772401e-37
8.897021953507238,2.5753220883470527e-47,3.0717952500635326e-45,2.4251635080956933e-39,4.286505228545042e-37,1.5623171475169602e-40,4.312319180773515e-37
12.845532930260857,5.316787594049569e-47,4.4350623439964845e-45,7.242445769987603e-39,8.91241233641236e-37,4.4622323731463e-40,8.989299026485383e-37
16.794043907014476,9.008583402932978e-47,5.798329437929436e-45,1.606986882764532e-38,1.519474189832936e-36,9.544473302193592e-40,1.5364985059908008e-36
20.742554883768094,1.363228715003321e-46,7.161596531862387e-45,3.0079874165919494e-38,2.3121262536615167e-36,1.731600276700384e-39,2.343937728104137e-36
24.691065860521714,1.9171494726968446e-46,8.52486362579534e-45,5.042327158387066e-38,3.267999641757806e-36,2.824655646872254e-39,3.32124756898855e-36
28.63957683727533,2.561131607662546e-46,9.88813071972829e-45,7.823141458561292e-38,4.3859189439481953e-36,4.277670110228816e-39,4.468428028644039e-36
32.58808781402895,3.293805193951303e-46,1.1251397813661245e-44,1.1461787205536634e-37,5.664728915632698e-36,6.132319382535643e-39,5.785479107070604e-36
36.53659879078257,4.113897167091333e-46,1.2614664907594195e-44,1.6067976565831266e-37,7.103292760073185e-36,8.428278536739147e-39,7.27240080426824e-36
40.48510976753619,5.020215266051607e-46,1.3977932001527148e-44,2.1749887169240657e-37,8.700490743786058e-36,1.1203504758484558e-38,8.929193120236952e-36
44.433620744289804,6.0116359766310566e-46,1.5341199095460098e-44,2.861425494519992e-37,1.045521905039821e-35,1.4494455126533263e-38,1.0755856054976736e-35
48.38213172104343,7.08709520375452e-46,1.670446618939305e-44,3.676645373826856e-37,1.2366388812042071e-35,1.8336259062849097e-38,1.2752389608487602e-35
52.33064269779704,8.245580878069822e-46,1.8067733283326e-44,4.631056457142733e-37,1.4432925277080064e-35,2.276285797520138e-38,1.4918793780769534e-35
56.27915367455066,9.486126977335112e-46,1.9431000377258955e-44,5.734943662203308e-37,1.6653767085165314e-35,2.78071204369123e-38,1.725506857182256e-35
60.22766465130428,1.0807808609933049e-45,2.0794267471191905e-44,6.998474144009208e-37,1.9027865628576508e-35,3.35009386692255e-38,1.9761213981646642e-35
64.1761756280579,1.2209737913490485e-45,2.215753456512486e-44,8.431702156966511e-37,2.1554184484113342e-35,3.9875310431816443e-38,2.243723001024182e-35
68.12468660481152,1.3691060590924964e-45,2.352080165905781e-44,1.004457344725542e-36,2.4231698903561896e-35,4.696040932060693e-38,2.528311665760805e-35
72.07319758156514,1.5250952953160334e-45,2.488406875299076e-44,1.1846929246303791e-36,2.7059395353402556e-35,5.478564571242875e-38,2.829887392374536e-35
76.02170855831875,1.6888619370364174e-45,2.6247335846923713e-44,1.3848509922103453e-36,3.003627109638241e-35,6.337972006100719e-38,3.148450180865376e-35
79.97021953507237,1.8603290056740976e-45,2.7610602940856666e-44,1.6058958334399062e-36,3.3161333809029976e-35,7.277066986334697e-38,3.484000031233321e-35
83.91873051182598,2.0394219130735855e-45,2.897387003478961e-44,1.848782293154136e-36,3.6433601230297097e-35,8.298591133252399e-38,3.8365369434783746e-35
87.86724148857961,2.226068290492644e-45,3.0337137128722566e-44,2.114456062036264e-36,3.985210083736778e-35,9.40522766013287e-38,4.2060609176005385e-35
91.81575246533323,2.4201978369205367e-45,3.170040422265552e-44,2.4038539435343165e-36,4.341586954534313e-35,1.0599604712061953e-37,4.592571953599805e-35
95.76426344208686,2.621742183795597e-45,3.306367131658847e-44,2.717904102926355e-36,4.7123953428042815e-35,1.1884298379265141e-37,4.996070051476184e-35
99.71277441884047,2.8306347737401867e-45,3.4426938410521424e-44,3.057526300424643e-36,5.097540745758872e-35,1.3261835428330768e-37,5.416555211229667e-35
103.66128539559408,3.046810751358082e-45,3.579020550445437e-44,3.42363210993913e-36,5.496929526078223e-35,1.4734695788122135e-37,5.854027432860257e-35
107.6097963723477,3.270206864477305e-45,3.7153472598387324e-44,3.8171251248999726e-36,5.910468889056834e-35,1.6305314821127501e-37,6.308486716367959e-35
111.55830734910133,3.5007613744894927e-45,3.851673969232028e-44,4.2389011523537304e-36,6.338066861111263e-35,1.79760854061311e-37,6.779933061752765e-35
115.50681832585492,3.738413974653602e-45,3.988000678625323e-44,4.689848396394635e-36,6.779632269521075e-35,1.9749359854141336e-37,7.268366469014675e-35
119.45532930260856,3.983105715406116e-45,4.124327388018618e-44,5.170847631861273e-36,7.23507472329129e-35,2.162745167628365e-37,7.773786938153699e-35
123.40384027936217,4.234778935864119e-45,4.260654097411913e-44,5.682772369120532e-36,7.704304595038072e-35,2.3612637219705124e-37,8.296194469169828e-35
127.3523512561158,4.49337720082449e-45,4.396980806805208e-44,6.226489010665386e-36,8.187233003811201e-35,2.5707157185330337e-37,8.835589062063064e-35
131.3008622328694,4.7588452426605984e-45,4.533307516198503e-44,6.802857000173277e-36,8.683771798776619e-35,2.791321803946446e-37,9.391970716833408e-35
135.24937320962303,5.031128907599319e-45,4.669634225591799e-44,7.412728964602585e-36,9.193833543690914e-35,3.023299332969058e-37,9.965339433480863e-35
139.19788418637665,5.310175105929004e-45,4.805960934985094e-44,8.056950849843945e-36,9.717331502106832e-35,3.2668624914199107e-37,1.0555695212005422e-34
143.14639516313028,5.595931765747208e-45,4.942287644378389e-44,8.7363620503919e-36,1.025417962325532e-34,3.522222411257556e-37,1.1163038052407093e-34
147.09490613988388,5.888347789905061e-45,5.078614353771684e-44,9.451795533455137e-36,1.080429252855522e-34,3.78958727851243e-37,1.178736795468586e-34
151.0434171166375,6.18737301584755e-45,5.21494106316498e-44,1.0204077957885748e-35,1.136758549870618e-34,4.069162434699114e-37,1.2428684918841744e-34
154.99192809339112,6.492958178083848e-45,5.351267772558274e-44,1.0994029788270609e-35,1.1943974461325029e-34,4.361150472264645e-37,1.3086988944874734e-34
158.94043907014475,6.805054873052467e-45,5.48759448195157e-44,1.1822465404497589e-35,1.253337597908939e-34,4.665751324568566e-37,1.3762280032784835e-34
162.88895004689837,7.12361552617289e-45,5.623921191344865e-44,1.2690193207082242e-35,1.3135707238355436e-34,4.983162350837438e-37,1.445455818257204e-34
166.83746102365197,7.448593360897738e-45,5.76024790073816e-44,1.359801571851577e-35,1.3750886038219858e-34,5.3135784164908756e-37,1.5163823394236341e-34
170.78597200040562,7.779942369599029e-45,5.896574610131456e-44,1.4546729680871774e-35,1.4378830779998632e-34,5.657191969195899e-37,1.589007566777777e-34
174.73448297715922,8.117617286140512e-45,6.03290131952475e-44,1.5537126149892585e-35,1.5019460457097328e-34,6.014193110971089e-37,1.663331500319629e-34
178.68299395391284,8.461573560001916e-45,6.169228028918046e-44,1.656999058575535e-35,1.5672694645250086e-34,6.384769666631202e-37,1.7393541400491933e-34
182.63150493066647,8.811767331835468e-45,6.305554738311341e-44,1.7646102940705022e-35,1.633845349310582e-34,6.769107248835155e-37,1.8170754859664667e-34
186.58001590742006,9.168155410345555e-45,6.441881447704636e-44,1.8766237743724103e-35,1.7016657713142338e-34,7.1673893199763605e-37,1.8964955380714517e-34
190.52852688417371,9.530695250393867e-45,6.578208157097931e-44,1.9931164182399499e-35,1.7707228572890202e-34,7.579797251132582e-37,1.977614296364149e-34
194.4770378609273,9.899344932240974e-45,6.714534866491227e-44,2.1141646182132797e-35,1.8410087886449527e-34,8.006510378273404e-37,2.0604317608445554e-34
198.42554883768094,1.0274063141843109e-44,6.850861575884522e-44,2.2398442482829788e-35,1.912515800628468e-34,8.447706055906206e-37,2.1449479315126713e-34
202.37405981443456,1.0654809152131232e-44,6.987188285277817e-44,2.3702306713197797e-35,1.9852361815281956e-34,8.90355970832613e-37,2.231162808368499e-34
206.32257079118816,1.1041542805204785e-44,7.123514994671111e-44,2.505398746276747e-35,2.059162271905741e-34,9.374244878621967e-37,2.3190763914120373e-34
210.27108176794175,1.1434224495378817e-44,7.259841704064406e-44,2.6454228351749044e-35,2.1342864638502195e-34,9.859933275577299e-37,2.4086886806432874e-34
214.2195927446954,1.183281515302858e-44,7.396168413457702e-44,2.790376809882712e-35,2.210601200255381e-34,1.0360794818595084e-36,2.4999996760622477e-34
218.16810372144903,1.2237276229180154e-44,7.532495122850997e-44,2.9403340586989493e-35,2.2880989741182604e-34,1.0876997680764067e-36,2.593009377668918e-34
222.11661469820265,1.2647569680799566e-44,7.668821832244293e-44,3.095367492747945e-35,2.3667723278583296e-34,1.1408708330175983e-36,2.6877177854633003e-34
226.06512567495625,1.3063657956736988e-44,7.805148541637586e-44,3.2555495521955876e-35,2.44661385265624e-34,1.1956091569594346e-36,2.784124899445393e-34
230.01363665170985,1.348550398428632e-44,7.941475251030883e-44,3.420952212294213e-35,2.5276161878112055e-34,1.2519310574568351e-36,2.882230719615197e-34
233.9621476284635,1.3913071156322446e-44,8.077801960424179e-44,3.5916469892634755e-35,2.6097720201162842e-34,1.3098526930078212e-36,2.98203524597271e-34
237.91065860521712,1.4346323318982808e-44,8.214128669817473e-44,3.7677049460144545e-35,2.693074083250698e-34,1.3693900665792388e-36,3.083538478517935e-34
241.85916958197075,1.478522475986128e-44,8.350455379210768e-44,3.9491966977235463e-35,2.777515157188505e-34,1.4305590290011334e-36,3.18674041725087e-34
245.80768055872434,1.5229740196684998e-44,8.486782088604063e-44,4.1361924172621667e-35,2.863088067622932e-34,1.4933752822367133e-36,3.291641062171516e-34
249.75619153547794,1.567983476644719e-44,8.623108797997358e-44,4.3287618404883243e-35,2.9497856854056964e-34,1.5578543825343984e-36,3.398240413279873e-34
253.7047025122316,1.613547401497056e-44,8.759435507390653e-44,4.5269742714053743e-35,3.037600926000724e-34,1.6240117434679582e-36,3.5065384705759416e-34
257.6532134889852,1.6596623886878195e-44,8.895762216783948e-44,4.730898587193459e-35,3.1265267489516696e-34,1.6918626388704117e-36,3.6165352340597193e-34
261.6017244657388,1.7063250715949552e-44,9.032088926177244e-44,4.940603243118246e-35,3.2165561573627156e-34,1.7614222056669383e-36,3.728230703731208e-34
265.55023544249246,1.7535321215841637e-44,9.16841563557054e-44,5.156156277321887e-35,3.3076821973921044e-34,1.832705446611746e-36,3.841624879590409e-34
269.49874641924606,1.8012802471156133e-44,9.304742344963833e-44,5.377625315500463e-35,3.399897957757937e-34,1.9057272329335108e-36,3.9567177616373185e-34
273.44725739599966,1.8495661928834842e-44,9.441069054357127e-44,5.605077575472259e-35,3.4931965692557764e-34,1.9805023068937214e-36,4.0735093498719385e-34
277.3957683727533,1.8983867389866791e-44,9.577395763750425e-44,5.838579871640673e-35,3.5875712042875874e-34,2.0570452842620247e-36,4.191999644294275e-34
281.3442793495069,1.947738700129174e-44,9.71372247314372e-44,6.078198619355854e-35,3.6830150764016067e-34,2.1353706567123352e-36,4.312188644904317e-34
285.29279032626056,1.9976189248484837e-44,9.850049182537015e-44,6.323999839178171e-35,3.7795214398428196e-34,2.2154927941433942e-36,4.43407635170207e-34
289.24130130301415,2.048024294770961e-44,9.98637589193031e-44,6.576049161047481e-35,3.877083589113515e-34,2.297425946927066e-36,4.557662764687535e-34
293.18981227976775,2.0989517238926184e-44,1.0122702601323604e-43,6.834411828361102e-35,3.975694858543721e-34,2.3811842480876282e-36,4.6829478838607085e-34
297.1383232565214,2.150398157884239e-44,1.02590293107169e-43,7.099152701963736e-35,4.075348621871071e-34,2.466781715415055e-36,4.809931709221598e-34
301.086834233275,2.2023605734196814e-44,1.0395356020110198e-43,7.370336264052159e-35,4.176038291829826e-34,2.554232253515072e-36,4.938614240770194e-34
305.03534521002865,2.2548359775263113e-44,1.0531682729503491e-43,7.648026621997748e-35,4.277757319748739e-34,2.6435496557987604e-36,5.068995478506499e-34
308.98385618678225,2.307821406956552e-44,1.0668009438896787e-43,7.932287512089319e-35,4.3804991951574444e-34,2.7347476064141557e-36,5.201075422430519e-34
312.93236716353584,2.3613139275796016e-44,1.0804336148290079e-43,8.223182303198966e-35,4.484257445401126e-34,2.827839682122267e-36,5.334854072542246e-34
316.8808781402895,2.415310633792413e-44,1.0940662857683377e-43,8.520774000373132e-35,4.589025635263176e-34,2.9228393541198325e-36,5.4703314288416865e-34
