L	0	{"n":[0.0009765625, 0.0],"x":[0.0, 0.0, 0.0],"u":2.02243505859375e-15,"photons":[2e-5, 2e-6, 2e-7],"alpha":[2e-13, 0.0, 0.0],"beta":[0.0, 0.0, 0.0],"sigma":[[0.0, 0.0, 0.0], [0.0, 0.0, 0.0], [0.0, 0.0, 0.0]],"c":29979245800.0,"kb":1.380649e-16,"ev":1.602176634e-12,"chi":[13.598434599702, 24.587389011, 54.41776],"energy":[13.7, 24.7, 54.5],"ne":0.0,"temperature":10000.0,"rhs":[0.0, 0.0, 0.0, 0.0, 0.0, 0.0, 0.0],"photo":[[0.0, 0.0, 0.0], [0.0, 0.0, 0.0], [0.0, 0.0, 0.0]],"collision":[0.0, 0.0, 0.0],"recombination":[0.0, 0.0, 0.0],"escape":0.0}
L	1	{"n":[0.0009765625, 0.0],"x":[0.0, 0.0, 0.0],"u":2.02243505859375e-15,"photons":[2e-5, 2e-6, 2e-7],"alpha":[2e-13, 0.0, 0.0],"beta":[0.0, 0.0, 0.0],"sigma":[[6e-18, 1e-18, 1e-19], [0.0, 7e-18, 1e-18], [0.0, 0.0, 1.5e-18]],"c":29979245800.0,"kb":1.380649e-16,"ev":1.602176634e-12,"chi":[13.598434599702, 24.587389011, 54.41776],"energy":[13.7, 24.7, 54.5],"ne":0.0,"temperature":10000.0,"rhs":[3.658067572516e-12, 4.2570529035999996e-13, 0.0, 1.6515242524446636e-27, -3.5131928671875003e-15, -5.8553214453125e-17, -5.8553214453125e-19],"photo":[[3.5131928671875003e-15, 5.8553214453125e-17, 5.8553214453125e-19], [0.0, 0.0, 0.0], [0.0, 0.0, 0.0]],"collision":[0.0, 0.0, 0.0],"recombination":[0.0, 0.0, 0.0],"escape":0.0}
L	2	{"n":[0.0009765625, 0.0],"x":[0.0, 0.0, 0.0],"u":2.02243505859375e-15,"photons":[2e-5, 2e-6, 2e-7],"alpha":[2e-13, 0.0, 0.0],"beta":[1e-16, 0.0, 0.0],"sigma":[[6e-18, 1e-18, 1e-19], [0.0, 7e-18, 1e-18], [0.0, 0.0, 1.5e-18]],"c":29979245800.0,"kb":1.380649e-16,"ev":1.602176634e-12,"chi":[13.598434599702, 24.587389011, 54.41776],"energy":[13.7, 24.7, 54.5],"ne":0.0,"temperature":10000.0,"rhs":[3.658067572516e-12, 4.2570529035999996e-13, 0.0, 1.6515242524446636e-27, -3.5131928671875003e-15, -5.8553214453125e-17, -5.8553214453125e-19],"photo":[[3.5131928671875003e-15, 5.8553214453125e-17, 5.8553214453125e-19], [0.0, 0.0, 0.0], [0.0, 0.0, 0.0]],"collision":[0.0, 0.0, 0.0],"recombination":[0.0, 0.0, 0.0],"escape":0.0}
L	3	{"n":[0.0009765625, 0.0],"x":[0.25, 0.0, 0.0],"u":2.5280438232421876e-15,"photons":[2e-5, 2e-6, 2e-7],"alpha":[2e-13, 0.0, 0.0],"beta":[0.0, 0.0, 0.0],"sigma":[[0.0, 0.0, 0.0], [0.0, 0.0, 0.0], [0.0, 0.0, 0.0]],"c":29979245800.0,"kb":1.380649e-16,"ev":1.602176634e-12,"chi":[13.598434599702, 24.587389011, 54.41776],"energy":[13.7, 24.7, 54.5],"ne":0.000244140625,"temperature":10000.0,"rhs":[-1.220703125e-17, 0.0, 0.0, -2.468792796134949e-32, 0.0, 0.0, 0.0],"photo":[[0.0, 0.0, 0.0], [0.0, 0.0, 0.0], [0.0, 0.0, 0.0]],"collision":[0.0, 0.0, 0.0],"recombination":[1.1920928955078125e-20, 0.0, 0.0],"escape":2.844103297545872e-31}
L	4	{"n":[0.0009765625, 0.0],"x":[0.25, 0.0, 0.0],"u":2.5280438232421876e-15,"photons":[2e-5, 2e-6, 2e-7],"alpha":[2e-13, 0.0, 0.0],"beta":[0.0, 0.0, 0.0],"sigma":[[6e-18, 1e-18, 1e-19], [0.0, 7e-18, 1e-18], [0.0, 0.0, 1.5e-18]],"c":29979245800.0,"kb":1.380649e-16,"ev":1.602176634e-12,"chi":[13.598434599702, 24.587389011, 54.41776],"energy":[13.7, 24.7, 54.5],"ne":0.000244140625,"temperature":10000.0,"rhs":[2.7435384723557505e-12, 4.2570529035999996e-13, 0.0, 1.2386185014055364e-27, -2.634894650390625e-15, -4.3914910839843745e-17, -4.391491083984375e-19],"photo":[[2.634894650390625e-15, 4.3914910839843745e-17, 4.391491083984375e-19], [0.0, 0.0, 0.0], [0.0, 0.0, 0.0]],"collision":[0.0, 0.0, 0.0],"recombination":[1.1920928955078125e-20, 0.0, 0.0],"escape":2.844103297545872e-31}
L	5	{"n":[0.0009765625, 0.0],"x":[0.25, 0.0, 0.0],"u":2.5280438232421876e-15,"photons":[2e-5, 2e-6, 2e-7],"alpha":[2e-13, 0.0, 0.0],"beta":[1e-16, 0.0, 0.0],"sigma":[[6e-18, 1e-18, 1e-19], [0.0, 7e-18, 1e-18], [0.0, 0.0, 1.5e-18]],"c":29979245800.0,"kb":1.380649e-16,"ev":1.602176634e-12,"chi":[13.598434599702, 24.587389011, 54.41776],"energy":[13.7, 24.7, 54.5],"ne":0.000244140625,"temperature":10000.0,"rhs":[2.743538490666297e-12, 4.2570529035999996e-13, 0.0, 1.2386181118219338e-27, -2.634894650390625e-15, -4.3914910839843745e-17, -4.391491083984375e-19],"photo":[[2.634894650390625e-15, 4.3914910839843745e-17, 4.391491083984375e-19], [0.0, 0.0, 0.0], [0.0, 0.0, 0.0]],"collision":[1.7881393432617187e-23, 0.0, 0.0],"recombination":[1.1920928955078125e-20, 0.0, 0.0],"escape":2.844103297545872e-31}
L	6	{"n":[0.0009765625, 0.0],"x":[0.5, 0.0, 0.0],"u":3.033652587890625e-15,"photons":[2e-5, 2e-6, 2e-7],"alpha":[2e-13, 0.0, 0.0],"beta":[0.0, 0.0, 0.0],"sigma":[[0.0, 0.0, 0.0], [0.0, 0.0, 0.0], [0.0, 0.0, 0.0]],"c":29979245800.0,"kb":1.380649e-16,"ev":1.602176634e-12,"chi":[13.598434599702, 24.587389011, 54.41776],"energy":[13.7, 24.7, 54.5],"ne":0.00048828125,"temperature":10000.0,"rhs":[-4.8828125e-17, 0.0, 0.0, -9.875171184539795e-32, 0.0, 0.0, 0.0],"photo":[[0.0, 0.0, 0.0], [0.0, 0.0, 0.0], [0.0, 0.0, 0.0]],"collision":[0.0, 0.0, 0.0],"recombination":[4.76837158203125e-20, 0.0, 0.0],"escape":1.1376413190183489e-30}
L	7	{"n":[0.0009765625, 0.0],"x":[0.5, 0.0, 0.0],"u":3.033652587890625e-15,"photons":[2e-5, 2e-6, 2e-7],"alpha":[2e-13, 0.0, 0.0],"beta":[0.0, 0.0, 0.0],"sigma":[[6e-18, 1e-18, 1e-19], [0.0, 7e-18, 1e-18], [0.0, 0.0, 1.5e-18]],"c":29979245800.0,"kb":1.380649e-16,"ev":1.602176634e-12,"chi":[13.598434599702, 24.587389011, 54.41776],"energy":[13.7, 24.7, 54.5],"ne":0.00048828125,"temperature":10000.0,"rhs":[1.8289849581330003e-12, 4.2570529035999996e-13, 0.0, 8.256633745104865e-28, -1.7565964335937502e-15, -2.92766072265625e-17, -2.92766072265625e-19],"photo":[[1.7565964335937502e-15, 2.92766072265625e-17, 2.92766072265625e-19], [0.0, 0.0, 0.0], [0.0, 0.0, 0.0]],"collision":[0.0, 0.0, 0.0],"recombination":[4.76837158203125e-20, 0.0, 0.0],"escape":1.1376413190183489e-30}
L	8	{"n":[0.0009765625, 0.0],"x":[0.5, 0.0, 0.0],"u":3.033652587890625e-15,"photons":[2e-5, 2e-6, 2e-7],"alpha":[2e-13, 0.0, 0.0],"beta":[1e-16, 0.0, 0.0],"sigma":[[6e-18, 1e-18, 1e-19], [0.0, 7e-18, 1e-18], [0.0, 0.0, 1.5e-18]],"c":29979245800.0,"kb":1.380649e-16,"ev":1.602176634e-12,"chi":[13.598434599702, 24.587389011, 54.41776],"energy":[13.7, 24.7, 54.5],"ne":0.00048828125,"temperature":10000.0,"rhs":[1.828984982547063e-12, 4.2570529035999996e-13, 0.0, 8.256628550656828e-28, -1.7565964335937502e-15, -2.92766072265625e-17, -2.92766072265625e-19],"photo":[[1.7565964335937502e-15, 2.92766072265625e-17, 2.92766072265625e-19], [0.0, 0.0, 0.0], [0.0, 0.0, 0.0]],"collision":[2.384185791015625e-23, 0.0, 0.0],"recombination":[4.76837158203125e-20, 0.0, 0.0],"escape":1.1376413190183489e-30}
L	9	{"n":[0.0009765625, 0.0],"x":[1.0, 0.0, 0.0],"u":4.0448701171875e-15,"photons":[2e-5, 2e-6, 2e-7],"alpha":[2e-13, 0.0, 0.0],"beta":[0.0, 0.0, 0.0],"sigma":[[0.0, 0.0, 0.0], [0.0, 0.0, 0.0], [0.0, 0.0, 0.0]],"c":29979245800.0,"kb":1.380649e-16,"ev":1.602176634e-12,"chi":[13.598434599702, 24.587389011, 54.41776],"energy":[13.7, 24.7, 54.5],"ne":0.0009765625,"temperature":10000.0,"rhs":[-1.953125e-16, 0.0, 0.0, -3.950068473815918e-31, 0.0, 0.0, 0.0],"photo":[[0.0, 0.0, 0.0], [0.0, 0.0, 0.0], [0.0, 0.0, 0.0]],"collision":[0.0, 0.0, 0.0],"recombination":[1.9073486328125e-19, 0.0, 0.0],"escape":4.5505652760733955e-30}
L	10	{"n":[0.0009765625, 0.0],"x":[1.0, 0.0, 0.0],"u":4.0448701171875e-15,"photons":[2e-5, 2e-6, 2e-7],"alpha":[2e-13, 0.0, 0.0],"beta":[0.0, 0.0, 0.0],"sigma":[[6e-18, 1e-18, 1e-19], [0.0, 7e-18, 1e-18], [0.0, 0.0, 1.5e-18]],"c":29979245800.0,"kb":1.380649e-16,"ev":1.602176634e-12,"chi":[13.598434599702, 24.587389011, 54.41776],"energy":[13.7, 24.7, 54.5],"ne":0.0009765625,"temperature":10000.0,"rhs":[-1.953125e-16, 4.2570529035999996e-13, 0.0, -3.950068473815918e-31, 0.0, 0.0, 0.0],"photo":[[0.0, 0.0, 0.0], [0.0, 0.0, 0.0], [0.0, 0.0, 0.0]],"collision":[0.0, 0.0, 0.0],"recombination":[1.9073486328125e-19, 0.0, 0.0],"escape":4.5505652760733955e-30}
L	11	{"n":[0.0009765625, 0.0],"x":[1.0, 0.0, 0.0],"u":4.0448701171875e-15,"photons":[2e-5, 2e-6, 2e-7],"alpha":[2e-13, 0.0, 0.0],"beta":[1e-16, 0.0, 0.0],"sigma":[[6e-18, 1e-18, 1e-19], [0.0, 7e-18, 1e-18], [0.0, 0.0, 1.5e-18]],"c":29979245800.0,"kb":1.380649e-16,"ev":1.602176634e-12,"chi":[13.598434599702, 24.587389011, 54.41776],"energy":[13.7, 24.7, 54.5],"ne":0.0009765625,"temperature":10000.0,"rhs":[-1.953125e-16, 4.2570529035999996e-13, 0.0, -3.950068473815918e-31, 0.0, 0.0, 0.0],"photo":[[0.0, 0.0, 0.0], [0.0, 0.0, 0.0], [0.0, 0.0, 0.0]],"collision":[0.0, 0.0, 0.0],"recombination":[1.9073486328125e-19, 0.0, 0.0],"escape":4.5505652760733955e-30}
L	12	{"n":[0.0009765625, 0.0],"x":[0.25, 0.0, 0.0],"u":2.5280438232421876e-15,"photons":[0.0, 0.0, 0.0],"alpha":[2e-13, 0.0, 0.0],"beta":[0.0, 0.0, 0.0],"sigma":[[0.0, 0.0, 0.0], [0.0, 0.0, 0.0], [0.0, 0.0, 0.0]],"c":29979245800.0,"kb":1.380649e-16,"ev":1.602176634e-12,"chi":[13.598434599702, 24.587389011, 54.41776],"energy":[13.7, 24.7, 54.5],"ne":0.000244140625,"temperature":10000.0,"rhs":[-1.220703125e-17, 0.0, 0.0, -2.468792796134949e-32, 0.0, 0.0, 0.0],"photo":[[0.0, 0.0, 0.0], [0.0, 0.0, 0.0], [0.0, 0.0, 0.0]],"collision":[0.0, 0.0, 0.0],"recombination":[1.1920928955078125e-20, 0.0, 0.0],"escape":2.844103297545872e-31}
R	13	{"nh":0.0009765625,"alpha":2e-13,"x0":0.25,"t":0.0,"x":0.25}
L	13	{"n":[0.0009765625, 0.0],"x":[0.24998657894773726, 0.0, 0.0],"u":2.5280166800355684e-15,"photons":[0.0, 0.0, 0.0],"alpha":[2e-13, 0.0, 0.0],"beta":[0.0, 0.0, 0.0],"sigma":[[0.0, 0.0, 0.0], [0.0, 0.0, 0.0], [0.0, 0.0, 0.0]],"c":29979245800.0,"kb":1.380649e-16,"ev":1.602176634e-12,"chi":[13.598434599702, 24.587389011, 54.41776],"energy":[13.7, 24.7, 54.5],"ne":0.00024412751850364967,"temperature":10000.0,"rhs":[-1.2205720635545563e-17, 0.0, 0.0, -2.468527732872853e-32, 0.0, 0.0, 0.0],"photo":[[0.0, 0.0, 0.0], [0.0, 0.0, 0.0], [0.0, 0.0, 0.0]],"collision":[0.0, 0.0, 0.0],"recombination":[1.1919649058149963e-20, 0.0, 0.0],"escape":2.843797938870586e-31}
R	14	{"nh":0.0009765625,"alpha":2e-13,"x0":0.25,"t":1099511627776.0,"x":0.24998657894773726}
L	14	{"n":[0.0009765625, 0.0],"x":[0.09060536182148353, 0.0, 0.0],"u":2.2056785188380898e-15,"photons":[0.0, 0.0, 0.0],"alpha":[2e-13, 0.0, 0.0],"beta":[0.0, 0.0, 0.0],"sigma":[[0.0, 0.0, 0.0], [0.0, 0.0, 0.0], [0.0, 0.0, 0.0]],"c":29979245800.0,"kb":1.380649e-16,"ev":1.602176634e-12,"chi":[13.598434599702, 24.587389011, 54.41776],"energy":[13.7, 24.7, 54.5],"ne":8.848179865379251e-5,"temperature":10000.0,"rhs":[-1.6033850763285051e-18, 0.0, 0.0, -3.242742190792785e-33, 0.0, 0.0, 0.0],"photo":[[0.0, 0.0, 0.0], [0.0, 0.0, 0.0], [0.0, 0.0, 0.0]],"collision":[0.0, 0.0, 0.0],"recombination":[1.5658057386020558e-21, 0.0, 0.0],"escape":3.735709927687571e-32}
R	15	{"nh":0.0009765625,"alpha":2e-13,"x0":0.25,"t":3.602879701896397e16,"x":0.09060536182148353}
L	15	{"n":[0.0009765625, 0.0],"x":[0.5, 0.0, 0.0],"u":3.033652587890625e-15,"photons":[0.0, 0.0, 0.0],"alpha":[2e-13, 0.0, 0.0],"beta":[0.0, 0.0, 0.0],"sigma":[[0.0, 0.0, 0.0], [0.0, 0.0, 0.0], [0.0, 0.0, 0.0]],"c":29979245800.0,"kb":1.380649e-16,"ev":1.602176634e-12,"chi":[13.598434599702, 24.587389011, 54.41776],"energy":[13.7, 24.7, 54.5],"ne":0.00048828125,"temperature":10000.0,"rhs":[-4.8828125e-17, 0.0, 0.0, -9.875171184539795e-32, 0.0, 0.0, 0.0],"photo":[[0.0, 0.0, 0.0], [0.0, 0.0, 0.0], [0.0, 0.0, 0.0]],"collision":[0.0, 0.0, 0.0],"recombination":[4.76837158203125e-20, 0.0, 0.0],"escape":1.1376413190183489e-30}
R	16	{"nh":0.0009765625,"alpha":2e-13,"x0":0.5,"t":0.0,"x":0.5}
L	16	{"n":[0.0009765625, 0.0],"x":[0.4999463186727886, 0.0, 0.0],"u":3.033544020892481e-15,"photons":[0.0, 0.0, 0.0],"alpha":[2e-13, 0.0, 0.0],"beta":[0.0, 0.0, 0.0],"sigma":[[0.0, 0.0, 0.0], [0.0, 0.0, 0.0], [0.0, 0.0, 0.0]],"c":29979245800.0,"kb":1.380649e-16,"ev":1.602176634e-12,"chi":[13.598434599702, 24.587389011, 54.41776],"energy":[13.7, 24.7, 54.5],"ne":0.0004882288268288951,"temperature":10000.0,"rhs":[-4.8817640928608105e-17, 0.0, 0.0, -9.873050849185817e-32, 0.0, 0.0, 0.0],"photo":[[0.0, 0.0, 0.0], [0.0, 0.0, 0.0], [0.0, 0.0, 0.0]],"collision":[0.0, 0.0, 0.0],"recombination":[4.767347746934385e-20, 0.0, 0.0],"escape":1.1373970517480624e-30}
R	17	{"nh":0.0009765625,"alpha":2e-13,"x0":0.5,"t":1099511627776.0,"x":0.4999463186727886}
L	17	{"n":[0.0009765625, 0.0],"x":[0.11065772896367913, 0.0, 0.0],"u":2.24623312915426e-15,"photons":[0.0, 0.0, 0.0],"alpha":[2e-13, 0.0, 0.0],"beta":[0.0, 0.0, 0.0],"sigma":[[0.0, 0.0, 0.0], [0.0, 0.0, 0.0], [0.0, 0.0, 0.0]],"c":29979245800.0,"kb":1.380649e-16,"ev":1.602176634e-12,"chi":[13.598434599702, 24.587389011, 54.41776],"energy":[13.7, 24.7, 54.5],"ne":0.0001080641884410929,"temperature":10000.000000000002,"rhs":[-2.391627535038881e-18, 0.0, 0.0, -4.836911373960787e-33, 0.0, 0.0, 0.0],"photo":[[0.0, 0.0, 0.0], [0.0, 0.0, 0.0], [0.0, 0.0, 0.0]],"collision":[0.0, 0.0, 0.0],"recombination":[2.3355737646864074e-21, 0.0, 0.0],"escape":5.572227693695457e-32}
R	18	{"nh":0.0009765625,"alpha":2e-13,"x0":0.5,"t":3.602879701896397e16,"x":0.11065772896367913}
L	18	{"n":[0.0009765625, 0.0],"x":[1.0, 0.0, 0.0],"u":4.0448701171875e-15,"photons":[0.0, 0.0, 0.0],"alpha":[2e-13, 0.0, 0.0],"beta":[0.0, 0.0, 0.0],"sigma":[[0.0, 0.0, 0.0], [0.0, 0.0, 0.0], [0.0, 0.0, 0.0]],"c":29979245800.0,"kb":1.380649e-16,"ev":1.602176634e-12,"chi":[13.598434599702, 24.587389011, 54.41776],"energy":[13.7, 24.7, 54.5],"ne":0.0009765625,"temperature":10000.0,"rhs":[-1.953125e-16, 0.0, 0.0, -3.950068473815918e-31, 0.0, 0.0, 0.0],"photo":[[0.0, 0.0, 0.0], [0.0, 0.0, 0.0], [0.0, 0.0, 0.0]],"collision":[0.0, 0.0, 0.0],"recombination":[1.9073486328125e-19, 0.0, 0.0],"escape":4.5505652760733955e-30}
R	19	{"nh":0.0009765625,"alpha":2e-13,"x0":1.0,"t":0.0,"x":1.0}
L	19	{"n":[0.0009765625, 0.0],"x":[0.9997852977421587, 0.0, 0.0],"u":4.044435895814082e-15,"photons":[0.0, 0.0, 0.0],"alpha":[2e-13, 0.0, 0.0],"beta":[0.0, 0.0, 0.0],"sigma":[[0.0, 0.0, 0.0], [0.0, 0.0, 0.0], [0.0, 0.0, 0.0]],"c":29979245800.0,"kb":1.380649e-16,"ev":1.602176634e-12,"chi":[13.598434599702, 24.587389011, 54.41776],"energy":[13.7, 24.7, 54.5],"ne":0.0009763528298263269,"temperature":10000.0,"rhs":[-1.952286409338627e-16, 0.0, 0.0, -3.948372478662548e-31, 0.0, 0.0, 0.0],"photo":[[0.0, 0.0, 0.0], [0.0, 0.0, 0.0], [0.0, 0.0, 0.0]],"collision":[0.0, 0.0, 0.0],"recombination":[1.906529696619753e-19, 0.0, 0.0],"escape":4.54861145256262e-30}
R	20	{"nh":0.0009765625,"alpha":2e-13,"x0":1.0,"t":1099511627776.0,"x":0.9997852977421587}
L	20	{"n":[0.0009765625, 0.0],"x":[0.12442648074597126, 0.0, 0.0],"u":2.2740795354718423e-15,"photons":[0.0, 0.0, 0.0],"alpha":[2e-13, 0.0, 0.0],"beta":[0.0, 0.0, 0.0],"sigma":[[0.0, 0.0, 0.0], [0.0, 0.0, 0.0], [0.0, 0.0, 0.0]],"c":29979245800.0,"kb":1.380649e-16,"ev":1.602176634e-12,"chi":[13.598434599702, 24.587389011, 54.41776],"energy":[13.7, 24.7, 54.5],"ne":0.00012151023510348756,"temperature":10000.0,"rhs":[-3.0238181857085072e-18, 0.0, 0.0, -6.1154759095902314e-33, 0.0, 0.0, 0.0],"photo":[[0.0, 0.0, 0.0], [0.0, 0.0, 0.0], [0.0, 0.0, 0.0]],"collision":[0.0, 0.0, 0.0],"recombination":[2.952947446980964e-21, 0.0, 0.0],"escape":7.045162002966725e-32}
R	21	{"nh":0.0009765625,"alpha":2e-13,"x0":1.0,"t":3.602879701896397e16,"x":0.12442648074597126}
L	21	{"n":[0.015625, 0.0],"x":[0.0, 0.0, 0.0],"u":3.23589609375e-14,"photons":[2e-5, 2e-6, 2e-7],"alpha":[2e-13, 0.0, 0.0],"beta":[0.0, 0.0, 0.0],"sigma":[[0.0, 0.0, 0.0], [0.0, 0.0, 0.0], [0.0, 0.0, 0.0]],"c":29979245800.0,"kb":1.380649e-16,"ev":1.602176634e-12,"chi":[13.598434599702, 24.587389011, 54.41776],"energy":[13.7, 24.7, 54.5],"ne":0.0,"temperature":10000.0,"rhs":[0.0, 0.0, 0.0, 0.0, 0.0, 0.0, 0.0],"photo":[[0.0, 0.0, 0.0], [0.0, 0.0, 0.0], [0.0, 0.0, 0.0]],"collision":[0.0, 0.0, 0.0],"recombination":[0.0, 0.0, 0.0],"escape":0.0}
L	22	{"n":[0.015625, 0.0],"x":[0.0, 0.0, 0.0],"u":3.23589609375e-14,"photons":[2e-5, 2e-6, 2e-7],"alpha":[2e-13, 0.0, 0.0],"beta":[0.0, 0.0, 0.0],"sigma":[[6e-18, 1e-18, 1e-19], [0.0, 7e-18, 1e-18], [0.0, 0.0, 1.5e-18]],"c":29979245800.0,"kb":1.380649e-16,"ev":1.602176634e-12,"chi":[13.598434599702, 24.587389011, 54.41776],"energy":[13.7, 24.7, 54.5],"ne":0.0,"temperature":10000.0,"rhs":[3.658067572516e-12, 4.2570529035999996e-13, 0.0, 2.642438803911462e-26, -5.6211085875000005e-14, -9.3685143125e-16, -9.3685143125e-18],"photo":[[5.6211085875000005e-14, 9.3685143125e-16, 9.3685143125e-18], [0.0, 0.0, 0.0], [0.0, 0.0, 0.0]],"collision":[0.0, 0.0, 0.0],"recombination":[0.0, 0.0, 0.0],"escape":0.0}
L	23	{"n":[0.015625, 0.0],"x":[0.0, 0.0, 0.0],"u":3.23589609375e-14,"photons":[2e-5, 2e-6, 2e-7],"alpha":[2e-13, 0.0, 0.0],"beta":[1e-16, 0.0, 0.0],"sigma":[[6e-18, 1e-18, 1e-19], [0.0, 7e-18, 1e-18], [0.0, 0.0, 1.5e-18]],"c":29979245800.0,"kb":1.380649e-16,"ev":1.602176634e-12,"chi":[13.598434599702, 24.587389011, 54.41776],"energy":[13.7, 24.7, 54.5],"ne":0.0,"temperature":10000.0,"rhs":[3.658067572516e-12, 4.2570529035999996e-13, 0.0, 2.642438803911462e-26, -5.6211085875000005e-14, -9.3685143125e-16, -9.3685143125e-18],"photo":[[5.6211085875000005e-14, 9.3685143125e-16, 9.3685143125e-18], [0.0, 0.0, 0.0], [0.0, 0.0, 0.0]],"collision":[0.0, 0.0, 0.0],"recombination":[0.0, 0.0, 0.0],"escape":0.0}
L	24	{"n":[0.015625, 0.0],"x":[0.25, 0.0, 0.0],"u":4.0448701171875e-14,"photons":[2e-5, 2e-6, 2e-7],"alpha":[2e-13, 0.0, 0.0],"beta":[0.0, 0.0, 0.0],"sigma":[[0.0, 0.0, 0.0], [0.0, 0.0, 0.0], [0.0, 0.0, 0.0]],"c":29979245800.0,"kb":1.380649e-16,"ev":1.602176634e-12,"chi":[13.598434599702, 24.587389011, 54.41776],"energy":[13.7, 24.7, 54.5],"ne":0.00390625,"temperature":10000.0,"rhs":[-1.953125e-16, 0.0, 0.0, -6.320109558105469e-30, 0.0, 0.0, 0.0],"photo":[[0.0, 0.0, 0.0], [0.0, 0.0, 0.0], [0.0, 0.0, 0.0]],"collision":[0.0, 0.0, 0.0],"recombination":[3.0517578125e-18, 0.0, 0.0],"escape":7.280904441717433e-29}
L	25	{"n":[0.015625, 0.0],"x":[0.25, 0.0, 0.0],"u":4.0448701171875e-14,"photons":[2e-5, 2e-6, 2e-7],"alpha":[2e-13, 0.0, 0.0],"beta":[0.0, 0.0, 0.0],"sigma":[[6e-18, 1e-18, 1e-19], [0.0, 7e-18, 1e-18], [0.0, 0.0, 1.5e-18]],"c":29979245800.0,"kb":1.380649e-16,"ev":1.602176634e-12,"chi":[13.598434599702, 24.587389011, 54.41776],"energy":[13.7, 24.7, 54.5],"ne":0.00390625,"temperature":10000.0,"rhs":[2.7433553668870003e-12, 4.2570529035999996e-13, 0.0, 1.981197091977786e-26, -4.215831440625e-14, -7.026385734374999e-16, -7.026385734375e-18],"photo":[[4.215831440625e-14, 7.026385734374999e-16, 7.026385734375e-18], [0.0, 0.0, 0.0], [0.0, 0.0, 0.0]],"collision":[0.0, 0.0, 0.0],"recombination":[3.0517578125e-18, 0.0, 0.0],"escape":7.280904441717433e-29}
L	26	{"n":[0.015625, 0.0],"x":[0.25, 0.0, 0.0],"u":4.0448701171875e-14,"photons":[2e-5, 2e-6, 2e-7],"alpha":[2e-13, 0.0, 0.0],"beta":[1e-16, 0.0, 0.0],"sigma":[[6e-18, 1e-18, 1e-19], [0.0, 7e-18, 1e-18], [0.0, 0.0, 1.5e-18]],"c":29979245800.0,"kb":1.380649e-16,"ev":1.602176634e-12,"chi":[13.598434599702, 24.587389011, 54.41776],"energy":[13.7, 24.7, 54.5],"ne":0.00390625,"temperature":10000.0,"rhs":[2.7433556598557504e-12, 4.2570529035999996e-13, 0.0, 1.981187118637557e-26, -4.215831440625e-14, -7.026385734374999e-16, -7.026385734375e-18],"photo":[[4.215831440625e-14, 7.026385734374999e-16, 7.026385734375e-18], [0.0, 0.0, 0.0], [0.0, 0.0, 0.0]],"collision":[4.57763671875e-21, 0.0, 0.0],"recombination":[3.0517578125e-18, 0.0, 0.0],"escape":7.280904441717433e-29}
L	27	{"n":[0.015625, 0.0],"x":[0.5, 0.0, 0.0],"u":4.853844140625e-14,"photons":[2e-5, 2e-6, 2e-7],"alpha":[2e-13, 0.0, 0.0],"beta":[0.0, 0.0, 0.0],"sigma":[[0.0, 0.0, 0.0], [0.0, 0.0, 0.0], [0.0, 0.0, 0.0]],"c":29979245800.0,"kb":1.380649e-16,"ev":1.602176634e-12,"chi":[13.598434599702, 24.587389011, 54.41776],"energy":[13.7, 24.7, 54.5],"ne":0.0078125,"temperature":10000.0,"rhs":[-7.8125e-16, 0.0, 0.0, -2.5280438232421875e-29, 0.0, 0.0, 0.0],"photo":[[0.0, 0.0, 0.0], [0.0, 0.0, 0.0], [0.0, 0.0, 0.0]],"collision":[0.0, 0.0, 0.0],"recombination":[1.220703125e-17, 0.0, 0.0],"escape":2.912361776686973e-28}
L	28	{"n":[0.015625, 0.0],"x":[0.5, 0.0, 0.0],"u":4.853844140625e-14,"photons":[2e-5, 2e-6, 2e-7],"alpha":[2e-13, 0.0, 0.0],"beta":[0.0, 0.0, 0.0],"sigma":[[6e-18, 1e-18, 1e-19], [0.0, 7e-18, 1e-18], [0.0, 0.0, 1.5e-18]],"c":29979245800.0,"kb":1.380649e-16,"ev":1.602176634e-12,"chi":[13.598434599702, 24.587389011, 54.41776],"energy":[13.7, 24.7, 54.5],"ne":0.0078125,"temperature":10000.0,"rhs":[1.8282525362580003e-12, 4.2570529035999996e-13, 0.0, 1.318691358132489e-26, -2.8105542937500003e-14, -4.68425715625e-16, -4.68425715625e-18],"photo":[[2.8105542937500003e-14, 4.68425715625e-16, 4.68425715625e-18], [0.0, 0.0, 0.0], [0.0, 0.0, 0.0]],"collision":[0.0, 0.0, 0.0],"recombination":[1.220703125e-17, 0.0, 0.0],"escape":2.912361776686973e-28}
L	29	{"n":[0.015625, 0.0],"x":[0.5, 0.0, 0.0],"u":4.853844140625e-14,"photons":[2e-5, 2e-6, 2e-7],"alpha":[2e-13, 0.0, 0.0],"beta":[1e-16, 0.0, 0.0],"sigma":[[6e-18, 1e-18, 1e-19], [0.0, 7e-18, 1e-18], [0.0, 0.0, 1.5e-18]],"c":29979245800.0,"kb":1.380649e-16,"ev":1.602176634e-12,"chi":[13.598434599702, 24.587389011, 54.41776],"energy":[13.7, 24.7, 54.5],"ne":0.0078125,"temperature":10000.0,"rhs":[1.8282529268830004e-12, 4.2570529035999996e-13, 0.0, 1.318678060345517e-26, -2.8105542937500003e-14, -4.68425715625e-16, -4.68425715625e-18],"photo":[[2.8105542937500003e-14, 4.68425715625e-16, 4.68425715625e-18], [0.0, 0.0, 0.0], [0.0, 0.0, 0.0]],"collision":[6.103515625e-21, 0.0, 0.0],"recombination":[1.220703125e-17, 0.0, 0.0],"escape":2.912361776686973e-28}
L	30	{"n":[0.015625, 0.0],"x":[1.0, 0.0, 0.0],"u":6.4717921875e-14,"photons":[2e-5, 2e-6, 2e-7],"alpha":[2e-13, 0.0, 0.0],"beta":[0.0, 0.0, 0.0],"sigma":[[0.0, 0.0, 0.0], [0.0, 0.0, 0.0], [0.0, 0.0, 0.0]],"c":29979245800.0,"kb":1.380649e-16,"ev":1.602176634e-12,"chi":[13.598434599702, 24.587389011, 54.41776],"energy":[13.7, 24.7, 54.5],"ne":0.015625,"temperature":10000.0,"rhs":[-3.125e-15, 0.0, 0.0, -1.011217529296875e-28, 0.0, 0.0, 0.0],"photo":[[0.0, 0.0, 0.0], [0.0, 0.0, 0.0], [0.0, 0.0, 0.0]],"collision":[0.0, 0.0, 0.0],"recombination":[4.8828125e-17, 0.0, 0.0],"escape":1.1649447106747892e-27}
L	31	{"n":[0.015625, 0.0],"x":[1.0, 0.0, 0.0],"u":6.4717921875e-14,"photons":[2e-5, 2e-6, 2e-7],"alpha":[2e-13, 0.0, 0.0],"beta":[0.0, 0.0, 0.0],"sigma":[[6e-18, 1e-18, 1e-19], [0.0, 7e-18, 1e-18], [0.0, 0.0, 1.5e-18]],"c":29979245800.0,"kb":1.380649e-16,"ev":1.602176634e-12,"chi":[13.598434599702, 24.587389011, 54.41776],"energy":[13.7, 24.7, 54.5],"ne":0.015625,"temperature":10000.0,"rhs":[-3.125e-15, 4.2570529035999996e-13, 0.0, -1.011217529296875e-28, 0.0, 0.0, 0.0],"photo":[[0.0, 0.0, 0.0], [0.0, 0.0, 0.0], [0.0, 0.0, 0.0]],"collision":[0.0, 0.0, 0.0],"recombination":[4.8828125e-17, 0.0, 0.0],"escape":1.1649447106747892e-27}
L	32	{"n":[0.015625, 0.0],"x":[1.0, 0.0, 0.0],"u":6.4717921875e-14,"photons":[2e-5, 2e-6, 2e-7],"alpha":[2e-13, 0.0, 0.0],"beta":[1e-16, 0.0, 0.0],"sigma":[[6e-18, 1e-18, 1e-19], [0.0, 7e-18, 1e-18], [0.0, 0.0, 1.5e-18]],"c":29979245800.0,"kb":1.380649e-16,"ev":1.602176634e-12,"chi":[13.598434599702, 24.587389011, 54.41776],"energy":[13.7, 24.7, 54.5],"ne":0.015625,"temperature":10000.0,"rhs":[-3.125e-15, 4.2570529035999996e-13, 0.0, -1.011217529296875e-28, 0.0, 0.0, 0.0],"photo":[[0.0, 0.0, 0.0], [0.0, 0.0, 0.0], [0.0, 0.0, 0.0]],"collision":[0.0, 0.0, 0.0],"recombination":[4.8828125e-17, 0.0, 0.0],"escape":1.1649447106747892e-27}
L	33	{"n":[0.015625, 0.0],"x":[0.25, 0.0, 0.0],"u":4.0448701171875e-14,"photons":[0.0, 0.0, 0.0],"alpha":[2e-13, 0.0, 0.0],"beta":[0.0, 0.0, 0.0],"sigma":[[0.0, 0.0, 0.0], [0.0, 0.0, 0.0], [0.0, 0.0, 0.0]],"c":29979245800.0,"kb":1.380649e-16,"ev":1.602176634e-12,"chi":[13.598434599702, 24.587389011, 54.41776],"energy":[13.7, 24.7, 54.5],"ne":0.00390625,"temperature":10000.0,"rhs":[-1.953125e-16, 0.0, 0.0, -6.320109558105469e-30, 0.0, 0.0, 0.0],"photo":[[0.0, 0.0, 0.0], [0.0, 0.0, 0.0], [0.0, 0.0, 0.0]],"collision":[0.0, 0.0, 0.0],"recombination":[3.0517578125e-18, 0.0, 0.0],"escape":7.280904441717433e-29}
R	34	{"nh":0.015625,"alpha":2e-13,"x0":0.25,"t":0.0,"x":0.25}
L	34	{"n":[0.015625, 0.0],"x":[0.2497854359443204, 0.0, 0.0],"u":4.044175810197867e-14,"photons":[0.0, 0.0, 0.0],"alpha":[2e-13, 0.0, 0.0],"beta":[0.0, 0.0, 0.0],"sigma":[[0.0, 0.0, 0.0], [0.0, 0.0, 0.0], [0.0, 0.0, 0.0]],"c":29979245800.0,"kb":1.380649e-16,"ev":1.602176634e-12,"chi":[13.598434599702, 24.587389011, 54.41776],"energy":[13.7, 24.7, 54.5],"ne":0.0039028974366300062,"temperature":10000.000000000002,"rhs":[-1.9497738753091937e-16, 0.0, 0.0, -6.309265666808821e-30, 0.0, 0.0, 0.0],"photo":[[0.0, 0.0, 0.0], [0.0, 0.0, 0.0], [0.0, 0.0, 0.0]],"collision":[0.0, 0.0, 0.0],"recombination":[3.046521680170615e-18, 0.0, 0.0],"escape":7.26841204177066e-29}
R	35	{"nh":0.015625,"alpha":2e-13,"x0":0.25,"t":1099511627776.0,"x":0.2497854359443204}
L	35	{"n":[0.015625, 0.0],"x":[0.008577065613703513, 0.0, 0.0],"u":3.26365058686522e-14,"photons":[0.0, 0.0, 0.0],"alpha":[2e-13, 0.0, 0.0],"beta":[0.0, 0.0, 0.0],"sigma":[[0.0, 0.0, 0.0], [0.0, 0.0, 0.0], [0.0, 0.0, 0.0]],"c":29979245800.0,"kb":1.380649e-16,"ev":1.602176634e-12,"chi":[13.598434599702, 24.587389011, 54.41776],"energy":[13.7, 24.7, 54.5],"ne":0.0001340166502141174,"temperature":10000.0,"rhs":[-2.2989392044304757e-19, 0.0, 0.0, -7.439128391385308e-33, 0.0, 0.0, 0.0],"photo":[[0.0, 0.0, 0.0], [0.0, 0.0, 0.0], [0.0, 0.0, 0.0]],"collision":[0.0, 0.0, 0.0],"recombination":[3.592092506922618e-21, 0.0, 0.0],"escape":8.57003861236541e-32}
R	36	{"nh":0.015625,"alpha":2e-13,"x0":0.25,"t":3.602879701896397e16,"x":0.008577065613703513}
L	36	{"n":[0.015625, 0.0],"x":[0.5, 0.0, 0.0],"u":4.853844140625e-14,"photons":[0.0, 0.0, 0.0],"alpha":[2e-13, 0.0, 0.0],"beta":[0.0, 0.0, 0.0],"sigma":[[0.0, 0.0, 0.0], [0.0, 0.0, 0.0], [0.0, 0.0, 0.0]],"c":29979245800.0,"kb":1.380649e-16,"ev":1.602176634e-12,"chi":[13.598434599702, 24.587389011, 54.41776],"energy":[13.7, 24.7, 54.5],"ne":0.0078125,"temperature":10000.0,"rhs":[-7.8125e-16, 0.0, 0.0, -2.5280438232421875e-29, 0.0, 0.0, 0.0],"photo":[[0.0, 0.0, 0.0], [0.0, 0.0, 0.0], [0.0, 0.0, 0.0]],"collision":[0.0, 0.0, 0.0],"recombination":[1.220703125e-17, 0.0, 0.0],"escape":2.912361776686973e-28}
R	37	{"nh":0.015625,"alpha":2e-13,"x0":0.5,"t":0.0,"x":0.5}
L	37	{"n":[0.015625, 0.0],"x":[0.4991424797493728, 0.0, 0.0],"u":4.851069294195684e-14,"photons":[0.0, 0.0, 0.0],"alpha":[2e-13, 0.0, 0.0],"beta":[0.0, 0.0, 0.0],"sigma":[[0.0, 0.0, 0.0], [0.0, 0.0, 0.0], [0.0, 0.0, 0.0]],"c":29979245800.0,"kb":1.380649e-16,"ev":1.602176634e-12,"chi":[13.598434599702, 24.587389011, 54.41776],"energy":[13.7, 24.7, 54.5],"ne":0.00779910124608395,"temperature":10000.0,"rhs":[-7.785725471573533e-16, 0.0, 0.0, -2.5193798640474672e-29, 0.0, 0.0, 0.0],"photo":[[0.0, 0.0, 0.0], [0.0, 0.0, 0.0], [0.0, 0.0, 0.0]],"collision":[0.0, 0.0, 0.0],"recombination":[1.2165196049333646e-17, 0.0, 0.0],"escape":2.902380706200181e-28}
R	38	{"nh":0.015625,"alpha":2e-13,"x0":0.5,"t":1099511627776.0,"x":0.4991424797493728}
L	38	{"n":[0.015625, 0.0],"x":[0.008726765697672216, 0.0, 0.0],"u":3.264135000782169e-14,"photons":[0.0, 0.0, 0.0],"alpha":[2e-13, 0.0, 0.0],"beta":[0.0, 0.0, 0.0],"sigma":[[0.0, 0.0, 0.0], [0.0, 0.0, 0.0], [0.0, 0.0, 0.0]],"c":29979245800.0,"kb":1.380649e-16,"ev":1.602176634e-12,"chi":[13.598434599702, 24.587389011, 54.41776],"energy":[13.7, 24.7, 54.5],"ne":0.00013635571402612838,"temperature":10000.000000000002,"rhs":[-2.379888735689639e-19, 0.0, 0.0, -7.70107266337773e-33, 0.0, 0.0, 0.0],"photo":[[0.0, 0.0, 0.0], [0.0, 0.0, 0.0], [0.0, 0.0, 0.0]],"collision":[0.0, 0.0, 0.0],"recombination":[3.718576149515061e-21, 0.0, 0.0],"escape":8.8718041428357e-32}
R	39	{"nh":0.015625,"alpha":2e-13,"x0":0.5,"t":3.602879701896397e16,"x":0.008726765697672216}
L	39	{"n":[0.015625, 0.0],"x":[1.0, 0.0, 0.0],"u":6.4717921875e-14,"photons":[0.0, 0.0, 0.0],"alpha":[2e-13, 0.0, 0.0],"beta":[0.0, 0.0, 0.0],"sigma":[[0.0, 0.0, 0.0], [0.0, 0.0, 0.0], [0.0, 0.0, 0.0]],"c":29979245800.0,"kb":1.380649e-16,"ev":1.602176634e-12,"chi":[13.598434599702, 24.587389011, 54.41776],"energy":[13.7, 24.7, 54.5],"ne":0.015625,"temperature":10000.0,"rhs":[-3.125e-15, 0.0, 0.0, -1.011217529296875e-28, 0.0, 0.0, 0.0],"photo":[[0.0, 0.0, 0.0], [0.0, 0.0, 0.0], [0.0, 0.0, 0.0]],"collision":[0.0, 0.0, 0.0],"recombination":[4.8828125e-17, 0.0, 0.0],"escape":1.1649447106747892e-27}
R	40	{"nh":0.015625,"alpha":2e-13,"x0":1.0,"t":0.0,"x":1.0}
L	40	{"n":[0.015625, 0.0],"x":[0.9965757916534904, 0.0, 0.0],"u":6.460711805087343e-14,"photons":[0.0, 0.0, 0.0],"alpha":[2e-13, 0.0, 0.0],"beta":[0.0, 0.0, 0.0],"sigma":[[0.0, 0.0, 0.0], [0.0, 0.0, 0.0], [0.0, 0.0, 0.0]],"c":29979245800.0,"kb":1.380649e-16,"ev":1.602176634e-12,"chi":[13.598434599702, 24.587389011, 54.41776],"energy":[13.7, 24.7, 54.5],"ne":0.015571496744585788,"temperature":10000.0,"rhs":[-3.1036353390930665e-15, 0.0, 0.0, -1.0043041470195711e-28, 0.0, 0.0, 0.0],"photo":[[0.0, 0.0, 0.0], [0.0, 0.0, 0.0], [0.0, 0.0, 0.0]],"collision":[0.0, 0.0, 0.0],"recombination":[4.8494302173329164e-17, 0.0, 0.0],"escape":1.1569803430847436e-27}
R	41	{"nh":0.015625,"alpha":2e-13,"x0":1.0,"t":1099511627776.0,"x":0.9965757916534904}
L	41	{"n":[0.015625, 0.0],"x":[0.008803592587480927, 0.0, 0.0],"u":3.264383604614796e-14,"photons":[0.0, 0.0, 0.0],"alpha":[2e-13, 0.0, 0.0],"beta":[0.0, 0.0, 0.0],"sigma":[[0.0, 0.0, 0.0], [0.0, 0.0, 0.0], [0.0, 0.0, 0.0]],"c":29979245800.0,"kb":1.380649e-16,"ev":1.602176634e-12,"chi":[13.598434599702, 24.587389011, 54.41776],"energy":[13.7, 24.7, 54.5],"ne":0.0001375561341793895,"temperature":10000.000000000002,"rhs":[-2.4219763264484107e-19, 0.0, 0.0, -7.837263733909389e-33, 0.0, 0.0, 0.0],"photo":[[0.0, 0.0, 0.0], [0.0, 0.0, 0.0], [0.0, 0.0, 0.0]],"collision":[0.0, 0.0, 0.0],"recombination":[3.784338010075642e-21, 0.0, 0.0],"escape":9.028699234802024e-32}
R	42	{"nh":0.015625,"alpha":2e-13,"x0":1.0,"t":3.602879701896397e16,"x":0.008803592587480927}
L	42	{"n":[0.0001, 8.3e-6],"x":[0.0, 0.25, 0.125],"u":2.3288097007500004e-16,"photons":[2e-5, 2e-6, 2e-7],"alpha":[2e-13, 1e-12, 3e-13],"beta":[1e-16, 1e-17, 1e-18],"sigma":[[6e-18, 1e-18, 1e-19], [0.0, 7e-18, 1e-18], [0.0, 0.0, 1.5e-18]],"c":29979245800.0,"kb":1.380649e-16,"ev":1.602176634e-12,"chi":[13.598434599702, 24.587389011, 54.41776],"energy":[13.7, 24.7, 54.5],"ne":4.15e-6,"temperature":10000.0,"rhs":[3.658067572931e-12, 2.638164811899e-13, 2.2482878110375e-15, 1.7100198758950584e-28, -3.5975094960000005e-16, -8.173091886225e-18, -1.0972403962799998e-19],"photo":[[3.5975094960000005e-16, 5.9958491600000006e-18, 5.995849159999999e-20], [0.0, 2.1772427262249994e-18, 3.11034675175e-20], [0.0, 0.0, 1.8662080510499998e-20]],"collision":[4.1500000000000003e-26, 2.1528125e-28, 8.611250000000002e-30],"recombination":[0.0, 8.61125e-24, 1.2916875000000001e-24],"escape":4.7235280343351735e-34}
L	43	{"n":[0.0001, 8.3e-6],"x":[0.25, 0.25, 0.125],"u":2.84655307575e-16,"photons":[2e-5, 2e-6, 2e-7],"alpha":[2e-13, 1e-12, 3e-13],"beta":[1e-16, 1e-17, 1e-18],"sigma":[[6e-18, 1e-18, 1e-19], [0.0, 7e-18, 1e-18], [0.0, 0.0, 1.5e-18]],"c":29979245800.0,"kb":1.380649e-16,"ev":1.602176634e-12,"chi":[13.598434599702, 24.587389011, 54.41776],"energy":[13.7, 24.7, 54.5],"ne":2.915e-5,"temperature":10000.0,"rhs":[2.74354922407325e-12, 2.638111688399e-13, 2.2473503172875e-15, 1.287225374213718e-28, -2.698132122e-16, -6.674129596224999e-18, -9.4734416728e-20],"photo":[[2.698132122e-16, 4.49688687e-18, 4.49688687e-20], [0.0, 2.1772427262249994e-18, 3.11034675175e-20], [0.0, 0.0, 1.8662080510499998e-20]],"collision":[2.1862500000000005e-25, 1.5121562500000002e-27, 6.048625e-29],"recombination":[1.4575000000000003e-22, 6.048624999999999e-23, 9.0729375e-24],"escape":6.795164982873899e-33}
L	44	{"n":[0.0001, 8.3e-6],"x":[0.5, 0.25, 0.125],"u":3.3642964507500005e-16,"photons":[2e-5, 2e-6, 2e-7],"alpha":[2e-13, 1e-12, 3e-13],"beta":[1e-16, 1e-17, 1e-18],"sigma":[[6e-18, 1e-18, 1e-19], [0.0, 7e-18, 1e-18], [0.0, 0.0, 1.5e-18]],"c":29979245800.0,"kb":1.380649e-16,"ev":1.602176634e-12,"chi":[13.598434599702, 24.587389011, 54.41776],"energy":[13.7, 24.7, 54.5],"ne":5.415e-5,"temperature":10000.0,"rhs":[1.8290283739655e-12, 2.638058564899e-13, 2.2464128235375e-15, 8.64425722332496e-29, -1.7987547480000002e-16, -5.175167306225e-18, -7.9744793828e-20],"photo":[[1.7987547480000002e-16, 2.9979245800000003e-18, 2.9979245799999996e-20], [0.0, 2.1772427262249994e-18, 3.11034675175e-20], [0.0, 0.0, 1.8662080510499998e-20]],"collision":[2.7075e-25, 2.80903125e-27, 1.1236125000000002e-28],"recombination":[5.415e-22, 1.1236125e-22, 1.68541875e-23],"escape":1.9082494080969202e-32}
L	45	{"n":[0.0001, 8.3e-6],"x":[1.0, 0.25, 0.125],"u":4.39978320075e-16,"photons":[2e-5, 2e-6, 2e-7],"alpha":[2e-13, 1e-12, 3e-13],"beta":[1e-16, 1e-17, 1e-18],"sigma":[[6e-18, 1e-18, 1e-19], [0.0, 7e-18, 1e-18], [0.0, 0.0, 1.5e-18]],"c":29979245800.0,"kb":1.380649e-16,"ev":1.602176634e-12,"chi":[13.598434599702, 24.587389011, 54.41776],"energy":[13.7, 24.7, 54.5],"ne":0.00010415000000000001,"temperature":10000.0,"rhs":[-2.0830000000000004e-17, 2.6379523178989996e-13, 2.2445378360375e-15, 1.8810967970404783e-30, 0.0, -2.1772427262249994e-18, -4.9765548028e-20],"photo":[[0.0, 0.0, 0.0], [0.0, 2.1772427262249994e-18, 3.11034675175e-20], [0.0, 0.0, 1.8662080510499998e-20]],"collision":[0.0, 5.402781250000001e-27, 2.1611125000000004e-28],"recombination":[2.083e-21, 2.1611125000000003e-22, 3.24166875e-23],"escape":6.155070303312457e-32}
P	46	{"a":0.25,"mpc":3.085677581491367e24,"c":29979245800.0,"n":[0.0001, 8e-6, 3e-6],"energy":[13.7, 24.7, 54.5],"counts":[4e63, 2e63, 1e63],"sigma":[[6.22255406204696e-18, 1.2236195803385636e-18, 1.2253129073532132e-19], [0.0, 7.383702991339329e-18, 1.6854685216437889e-18], [0.0, 0.0, 1.5810273336613405e-18]],"gamma":[1.793285198064985e-15, 1.0744614204293005e-15, 1.0324960992178131e-16],"events":[1.7932851980649852e-19, 8.595691363434404e-21, 3.097488297653439e-22],"heat":[3.631513575567918e-31, 4.359314474336761e-32, 4.0813437032617486e-35],"binding":[3.907047349219335e-30, 3.386129938287624e-31, 2.700602895447622e-32],"loss":8.641112126541493e52,"absorbed":4.679451687739766e-30,"hhe_photo":[[1.6254653311671695e-19, 1.5981791291367057e-20, 8.001953984145501e-22], [0.0, 7.715129902212057e-21, 8.805614612223468e-22], [0.0, 0.0, 3.0974882976534396e-22]],"hhe_photon_rhs":[-1.6254653311671695e-19, -2.3696921193579115e-20, -1.990505689402241e-21]}
P	47	{"a":0.25,"mpc":3.085677581491367e24,"c":29979245800.0,"n":[0.0001, 8e-6, 3e-6],"energy":[13.7, 24.7, 54.5],"counts":[0.0, 0.0, 0.0],"sigma":[[6.22255406204696e-18, 1.2236195803385636e-18, 1.2253129073532132e-19], [0.0, 7.383702991339329e-18, 1.6854685216437889e-18], [0.0, 0.0, 1.5810273336613405e-18]],"gamma":[0.0, 0.0, 0.0],"events":[0.0, 0.0, 0.0],"heat":[0.0, 0.0, 0.0],"binding":[0.0, 0.0, 0.0],"loss":0.0,"absorbed":0.0,"hhe_photo":[[0.0, 0.0, 0.0], [0.0, 0.0, 0.0], [0.0, 0.0, 0.0]],"hhe_photon_rhs":[0.0, 0.0, 0.0]}
P	48	{"a":0.25,"mpc":3.085677581491367e24,"c":29979245800.0,"n":[0.0001, 8e-6, 3e-6],"energy":[20.0, 40.0, 80.0],"counts":[4e63, 2e63, 1e63],"sigma":[[2.2111029840392163e-18, 3.056838665005839e-19, 3.847329957921876e-20], [0.0, 3.1589997113154896e-18, 6.962673030955817e-19], [0.0, 0.0, 5.535920736201883e-19]],"gamma":[6.200259126771132e-16, 4.58069438712011e-16, 3.615254742288844e-17],"events":[6.200259126771132e-20, 3.664555509696088e-21, 1.0845764226866534e-22],"heat":[7.880144683392755e-31, 1.138038423448865e-31, 4.445382360660675e-33],"binding":[1.3508562950200789e-30, 1.4435908174512343e-31, 9.456081657066234e-33],"loss":3.0195102572477896e52,"absorbed":2.410935151467091e-30,"hhe_photo":[[5.775877892515605e-20, 3.992560951172999e-21, 2.51251391382273e-22], [0.0, 3.300795435899371e-21, 3.637600737967169e-22], [0.0, 0.0, 1.0845764226866534e-22]],"hhe_photon_rhs":[-5.775877892515605e-20, -7.29335638707237e-21, -7.234691074476553e-22]}
P	49	{"a":0.25,"mpc":3.085677581491367e24,"c":29979245800.0,"n":[0.0001, 8e-6, 3e-6],"energy":[20.0, 40.0, 80.0],"counts":[0.0, 0.0, 0.0],"sigma":[[2.2111029840392163e-18, 3.056838665005839e-19, 3.847329957921876e-20], [0.0, 3.1589997113154896e-18, 6.962673030955817e-19], [0.0, 0.0, 5.535920736201883e-19]],"gamma":[0.0, 0.0, 0.0],"events":[0.0, 0.0, 0.0],"heat":[0.0, 0.0, 0.0],"binding":[0.0, 0.0, 0.0],"loss":0.0,"absorbed":0.0,"hhe_photo":[[0.0, 0.0, 0.0], [0.0, 0.0, 0.0], [0.0, 0.0, 0.0]],"hhe_photon_rhs":[0.0, 0.0, 0.0]}
P	50	{"a":0.25,"mpc":3.085677581491367e24,"c":29979245800.0,"n":[0.0, 0.0, 0.0],"energy":[13.7, 24.7, 54.5],"counts":[4e63, 2e63, 1e63],"sigma":[[6.22255406204696e-18, 1.2236195803385636e-18, 1.2253129073532132e-19], [0.0, 7.383702991339329e-18, 1.6854685216437889e-18], [0.0, 0.0, 1.5810273336613405e-18]],"gamma":[1.793285198064985e-15, 1.0744614204293005e-15, 1.0324960992178131e-16],"events":[0.0, 0.0, 0.0],"heat":[0.0, 0.0, 0.0],"binding":[0.0, 0.0, 0.0],"loss":0.0,"absorbed":0.0,"hhe_photo":[[0.0, 0.0, 0.0], [0.0, 0.0, 0.0], [0.0, 0.0, 0.0]],"hhe_photon_rhs":[0.0, 0.0, 0.0]}
P	51	{"a":0.25,"mpc":3.085677581491367e24,"c":29979245800.0,"n":[0.0, 0.0, 0.0],"energy":[13.7, 24.7, 54.5],"counts":[0.0, 0.0, 0.0],"sigma":[[6.22255406204696e-18, 1.2236195803385636e-18, 1.2253129073532132e-19], [0.0, 7.383702991339329e-18, 1.6854685216437889e-18], [0.0, 0.0, 1.5810273336613405e-18]],"gamma":[0.0, 0.0, 0.0],"events":[0.0, 0.0, 0.0],"heat":[0.0, 0.0, 0.0],"binding":[0.0, 0.0, 0.0],"loss":0.0,"absorbed":0.0,"hhe_photo":[[0.0, 0.0, 0.0], [0.0, 0.0, 0.0], [0.0, 0.0, 0.0]],"hhe_photon_rhs":[0.0, 0.0, 0.0]}
P	52	{"a":0.25,"mpc":3.085677581491367e24,"c":29979245800.0,"n":[0.0, 0.0, 0.0],"energy":[20.0, 40.0, 80.0],"counts":[4e63, 2e63, 1e63],"sigma":[[2.2111029840392163e-18, 3.056838665005839e-19, 3.847329957921876e-20], [0.0, 3.1589997113154896e-18, 6.962673030955817e-19], [0.0, 0.0, 5.535920736201883e-19]],"gamma":[6.200259126771132e-16, 4.58069438712011e-16, 3.615254742288844e-17],"events":[0.0, 0.0, 0.0],"heat":[0.0, 0.0, 0.0],"binding":[0.0, 0.0, 0.0],"loss":0.0,"absorbed":0.0,"hhe_photo":[[0.0, 0.0, 0.0], [0.0, 0.0, 0.0], [0.0, 0.0, 0.0]],"hhe_photon_rhs":[0.0, 0.0, 0.0]}
P	53	{"a":0.25,"mpc":3.085677581491367e24,"c":29979245800.0,"n":[0.0, 0.0, 0.0],"energy":[20.0, 40.0, 80.0],"counts":[0.0, 0.0, 0.0],"sigma":[[2.2111029840392163e-18, 3.056838665005839e-19, 3.847329957921876e-20], [0.0, 3.1589997113154896e-18, 6.962673030955817e-19], [0.0, 0.0, 5.535920736201883e-19]],"gamma":[0.0, 0.0, 0.0],"events":[0.0, 0.0, 0.0],"heat":[0.0, 0.0, 0.0],"binding":[0.0, 0.0, 0.0],"loss":0.0,"absorbed":0.0,"hhe_photo":[[0.0, 0.0, 0.0], [0.0, 0.0, 0.0], [0.0, 0.0, 0.0]],"hhe_photon_rhs":[0.0, 0.0, 0.0]}
P	54	{"a":0.25,"mpc":3.085677581491367e24,"c":29979245800.0,"n":[0.0001, 0.0, 0.0],"energy":[13.7, 24.7, 54.5],"counts":[4e63, 2e63, 1e63],"sigma":[[6.22255406204696e-18, 1.2236195803385636e-18, 1.2253129073532132e-19], [0.0, 7.383702991339329e-18, 1.6854685216437889e-18], [0.0, 0.0, 1.5810273336613405e-18]],"gamma":[1.793285198064985e-15, 1.0744614204293005e-15, 1.0324960992178131e-16],"events":[1.7932851980649852e-19, 0.0, 0.0],"heat":[3.631513575567918e-31, 0.0, 0.0],"binding":[3.907047349219335e-30, 0.0, 0.0],"loss":8.232296909320479e52,"absorbed":4.270198706776127e-30,"hhe_photo":[[1.6254653311671695e-19, 1.5981791291367057e-20, 8.001953984145501e-22], [0.0, 0.0, 0.0], [0.0, 0.0, 0.0]],"hhe_photon_rhs":[-1.6254653311671695e-19, -1.5981791291367057e-20, -8.001953984145501e-22]}
P	55	{"a":0.25,"mpc":3.085677581491367e24,"c":29979245800.0,"n":[0.0001, 0.0, 0.0],"energy":[13.7, 24.7, 54.5],"counts":[0.0, 0.0, 0.0],"sigma":[[6.22255406204696e-18, 1.2236195803385636e-18, 1.2253129073532132e-19], [0.0, 7.383702991339329e-18, 1.6854685216437889e-18], [0.0, 0.0, 1.5810273336613405e-18]],"gamma":[0.0, 0.0, 0.0],"events":[0.0, 0.0, 0.0],"heat":[0.0, 0.0, 0.0],"binding":[0.0, 0.0, 0.0],"loss":0.0,"absorbed":0.0,"hhe_photo":[[0.0, 0.0, 0.0], [0.0, 0.0, 0.0], [0.0, 0.0, 0.0]],"hhe_photon_rhs":[0.0, 0.0, 0.0]}
P	56	{"a":0.25,"mpc":3.085677581491367e24,"c":29979245800.0,"n":[0.0001, 0.0, 0.0],"energy":[20.0, 40.0, 80.0],"counts":[4e63, 2e63, 1e63],"sigma":[[2.2111029840392163e-18, 3.056838665005839e-19, 3.847329957921876e-20], [0.0, 3.1589997113154896e-18, 6.962673030955817e-19], [0.0, 0.0, 5.535920736201883e-19]],"gamma":[6.200259126771132e-16, 4.58069438712011e-16, 3.615254742288844e-17],"events":[6.200259126771132e-20, 0.0, 0.0],"heat":[7.880144683392755e-31, 0.0, 0.0],"binding":[1.3508562950200789e-30, 0.0, 0.0],"loss":2.8463054343715384e52,"absorbed":2.1388707633593543e-30,"hhe_photo":[[5.775877892515605e-20, 3.992560951172999e-21, 2.51251391382273e-22], [0.0, 0.0, 0.0], [0.0, 0.0, 0.0]],"hhe_photon_rhs":[-5.775877892515605e-20, -3.992560951172999e-21, -2.51251391382273e-22]}
P	57	{"a":0.25,"mpc":3.085677581491367e24,"c":29979245800.0,"n":[0.0001, 0.0, 0.0],"energy":[20.0, 40.0, 80.0],"counts":[0.0, 0.0, 0.0],"sigma":[[2.2111029840392163e-18, 3.056838665005839e-19, 3.847329957921876e-20], [0.0, 3.1589997113154896e-18, 6.962673030955817e-19], [0.0, 0.0, 5.535920736201883e-19]],"gamma":[0.0, 0.0, 0.0],"events":[0.0, 0.0, 0.0],"heat":[0.0, 0.0, 0.0],"binding":[0.0, 0.0, 0.0],"loss":0.0,"absorbed":0.0,"hhe_photo":[[0.0, 0.0, 0.0], [0.0, 0.0, 0.0], [0.0, 0.0, 0.0]],"hhe_photon_rhs":[0.0, 0.0, 0.0]}
P	58	{"a":0.5,"mpc":3.085677581491367e24,"c":29979245800.0,"n":[0.0001, 8e-6, 3e-6],"energy":[13.7, 24.7, 54.5],"counts":[4e63, 2e63, 1e63],"sigma":[[6.22255406204696e-18, 1.2236195803385636e-18, 1.2253129073532132e-19], [0.0, 7.383702991339329e-18, 1.6854685216437889e-18], [0.0, 0.0, 1.5810273336613405e-18]],"gamma":[2.2416064975812313e-16, 1.3430767755366257e-16, 1.2906201240222664e-17],"events":[2.2416064975812315e-20, 1.0744614204293005e-21, 3.871860372066799e-23],"heat":[4.5393919694598973e-32, 5.4491430929209514e-33, 5.101679629077186e-36],"binding":[4.883809186524169e-31, 4.23266242285953e-32, 3.3757536193095275e-33],"loss":8.641112126541493e52,"absorbed":5.849314609674708e-31,"hhe_photo":[[2.031831663958962e-20, 1.997723911420882e-21, 1.0002442480181876e-22], [0.0, 9.64391237776507e-22, 1.1007018265279335e-22], [0.0, 0.0, 3.8718603720667995e-23]],"hhe_photon_rhs":[-2.031831663958962e-20, -2.9621151491973894e-21, -2.488132111752801e-22]}
P	59	{"a":0.5,"mpc":3.085677581491367e24,"c":29979245800.0,"n":[0.0001, 8e-6, 3e-6],"energy":[13.7, 24.7, 54.5],"counts":[0.0, 0.0, 0.0],"sigma":[[6.22255406204696e-18, 1.2236195803385636e-18, 1.2253129073532132e-19], [0.0, 7.383702991339329e-18, 1.6854685216437889e-18], [0.0, 0.0, 1.5810273336613405e-18]],"gamma":[0.0, 0.0, 0.0],"events":[0.0, 0.0, 0.0],"heat":[0.0, 0.0, 0.0],"binding":[0.0, 0.0, 0.0],"loss":0.0,"absorbed":0.0,"hhe_photo":[[0.0, 0.0, 0.0], [0.0, 0.0, 0.0], [0.0, 0.0, 0.0]],"hhe_photon_rhs":[0.0, 0.0, 0.0]}
P	60	{"a":0.5,"mpc":3.085677581491367e24,"c":29979245800.0,"n":[0.0001, 8e-6, 3e-6],"energy":[20.0, 40.0, 80.0],"counts":[4e63, 2e63, 1e63],"sigma":[[2.2111029840392163e-18, 3.056838665005839e-19, 3.847329957921876e-20], [0.0, 3.1589997113154896e-18, 6.962673030955817e-19], [0.0, 0.0, 5.535920736201883e-19]],"gamma":[7.750323908463915e-17, 5.725867983900137e-17, 4.519068427861055e-18],"events":[7.750323908463915e-21, 4.58069438712011e-22, 1.3557205283583168e-23],"heat":[9.850180854240944e-32, 1.4225480293110812e-32, 5.556727950825844e-34],"binding":[1.6885703687750986e-31, 1.804488521814043e-32, 1.1820102071332792e-33],"loss":3.0195102572477896e52,"absorbed":3.0136689393338637e-31,"hhe_photo":[[7.219847365644506e-21, 4.990701188966249e-22, 3.140642392278413e-23], [0.0, 4.1259942948742136e-22, 4.5470009224589615e-23], [0.0, 0.0, 1.3557205283583168e-23]],"hhe_photon_rhs":[-7.219847365644506e-21, -9.116695483840463e-22, -9.043363843095691e-23]}
P	61	{"a":0.5,"mpc":3.085677581491367e24,"c":29979245800.0,"n":[0.0001, 8e-6, 3e-6],"energy":[20.0, 40.0, 80.0],"counts":[0.0, 0.0, 0.0],"sigma":[[2.2111029840392163e-18, 3.056838665005839e-19, 3.847329957921876e-20], [0.0, 3.1589997113154896e-18, 6.962673030955817e-19], [0.0, 0.0, 5.535920736201883e-19]],"gamma":[0.0, 0.0, 0.0],"events":[0.0, 0.0, 0.0],"heat":[0.0, 0.0, 0.0],"binding":[0.0, 0.0, 0.0],"loss":0.0,"absorbed":0.0,"hhe_photo":[[0.0, 0.0, 0.0], [0.0, 0.0, 0.0], [0.0, 0.0, 0.0]],"hhe_photon_rhs":[0.0, 0.0, 0.0]}
P	62	{"a":0.5,"mpc":3.085677581491367e24,"c":29979245800.0,"n":[0.0, 0.0, 0.0],"energy":[13.7, 24.7, 54.5],"counts":[4e63, 2e63, 1e63],"sigma":[[6.22255406204696e-18, 1.2236195803385636e-18, 1.2253129073532132e-19], [0.0, 7.383702991339329e-18, 1.6854685216437889e-18], [0.0, 0.0, 1.5810273336613405e-18]],"gamma":[2.2416064975812313e-16, 1.3430767755366257e-16, 1.2906201240222664e-17],"events":[0.0, 0.0, 0.0],"heat":[0.0, 0.0, 0.0],"binding":[0.0, 0.0, 0.0],"loss":0.0,"absorbed":0.0,"hhe_photo":[[0.0, 0.0, 0.0], [0.0, 0.0, 0.0], [0.0, 0.0, 0.0]],"hhe_photon_rhs":[0.0, 0.0, 0.0]}
P	63	{"a":0.5,"mpc":3.085677581491367e24,"c":29979245800.0,"n":[0.0, 0.0, 0.0],"energy":[13.7, 24.7, 54.5],"counts":[0.0, 0.0, 0.0],"sigma":[[6.22255406204696e-18, 1.2236195803385636e-18, 1.2253129073532132e-19], [0.0, 7.383702991339329e-18, 1.6854685216437889e-18], [0.0, 0.0, 1.5810273336613405e-18]],"gamma":[0.0, 0.0, 0.0],"events":[0.0, 0.0, 0.0],"heat":[0.0, 0.0, 0.0],"binding":[0.0, 0.0, 0.0],"loss":0.0,"absorbed":0.0,"hhe_photo":[[0.0, 0.0, 0.0], [0.0, 0.0, 0.0], [0.0, 0.0, 0.0]],"hhe_photon_rhs":[0.0, 0.0, 0.0]}
P	64	{"a":0.5,"mpc":3.085677581491367e24,"c":29979245800.0,"n":[0.0, 0.0, 0.0],"energy":[20.0, 40.0, 80.0],"counts":[4e63, 2e63, 1e63],"sigma":[[2.2111029840392163e-18, 3.056838665005839e-19, 3.847329957921876e-20], [0.0, 3.1589997113154896e-18, 6.962673030955817e-19], [0.0, 0.0, 5.535920736201883e-19]],"gamma":[7.750323908463915e-17, 5.725867983900137e-17, 4.519068427861055e-18],"events":[0.0, 0.0, 0.0],"heat":[0.0, 0.0, 0.0],"binding":[0.0, 0.0, 0.0],"loss":0.0,"absorbed":0.0,"hhe_photo":[[0.0, 0.0, 0.0], [0.0, 0.0, 0.0], [0.0, 0.0, 0.0]],"hhe_photon_rhs":[0.0, 0.0, 0.0]}
P	65	{"a":0.5,"mpc":3.085677581491367e24,"c":29979245800.0,"n":[0.0, 0.0, 0.0],"energy":[20.0, 40.0, 80.0],"counts":[0.0, 0.0, 0.0],"sigma":[[2.2111029840392163e-18, 3.056838665005839e-19, 3.847329957921876e-20], [0.0, 3.1589997113154896e-18, 6.962673030955817e-19], [0.0, 0.0, 5.535920736201883e-19]],"gamma":[0.0, 0.0, 0.0],"events":[0.0, 0.0, 0.0],"heat":[0.0, 0.0, 0.0],"binding":[0.0, 0.0, 0.0],"loss":0.0,"absorbed":0.0,"hhe_photo":[[0.0, 0.0, 0.0], [0.0, 0.0, 0.0], [0.0, 0.0, 0.0]],"hhe_photon_rhs":[0.0, 0.0, 0.0]}
P	66	{"a":0.5,"mpc":3.085677581491367e24,"c":29979245800.0,"n":[0.0001, 0.0, 0.0],"energy":[13.7, 24.7, 54.5],"counts":[4e63, 2e63, 1e63],"sigma":[[6.22255406204696e-18, 1.2236195803385636e-18, 1.2253129073532132e-19], [0.0, 7.383702991339329e-18, 1.6854685216437889e-18], [0.0, 0.0, 1.5810273336613405e-18]],"gamma":[2.2416064975812313e-16, 1.3430767755366257e-16, 1.2906201240222664e-17],"events":[2.2416064975812315e-20, 0.0, 0.0],"heat":[4.5393919694598973e-32, 0.0, 0.0],"binding":[4.883809186524169e-31, 0.0, 0.0],"loss":8.232296909320479e52,"absorbed":5.337748383470159e-31,"hhe_photo":[[2.031831663958962e-20, 1.997723911420882e-21, 1.0002442480181876e-22], [0.0, 0.0, 0.0], [0.0, 0.0, 0.0]],"hhe_photon_rhs":[-2.031831663958962e-20, -1.997723911420882e-21, -1.0002442480181876e-22]}
P	67	{"a":0.5,"mpc":3.085677581491367e24,"c":29979245800.0,"n":[0.0001, 0.0, 0.0],"energy":[13.7, 24.7, 54.5],"counts":[0.0, 0.0, 0.0],"sigma":[[6.22255406204696e-18, 1.2236195803385636e-18, 1.2253129073532132e-19], [0.0, 7.383702991339329e-18, 1.6854685216437889e-18], [0.0, 0.0, 1.5810273336613405e-18]],"gamma":[0.0, 0.0, 0.0],"events":[0.0, 0.0, 0.0],"heat":[0.0, 0.0, 0.0],"binding":[0.0, 0.0, 0.0],"loss":0.0,"absorbed":0.0,"hhe_photo":[[0.0, 0.0, 0.0], [0.0, 0.0, 0.0], [0.0, 0.0, 0.0]],"hhe_photon_rhs":[0.0, 0.0, 0.0]}
P	68	{"a":0.5,"mpc":3.085677581491367e24,"c":29979245800.0,"n":[0.0001, 0.0, 0.0],"energy":[20.0, 40.0, 80.0],"counts":[4e63, 2e63, 1e63],"sigma":[[2.2111029840392163e-18, 3.056838665005839e-19, 3.847329957921876e-20], [0.0, 3.1589997113154896e-18, 6.962673030955817e-19], [0.0, 0.0, 5.535920736201883e-19]],"gamma":[7.750323908463915e-17, 5.725867983900137e-17, 4.519068427861055e-18],"events":[7.750323908463915e-21, 0.0, 0.0],"heat":[9.850180854240944e-32, 0.0, 0.0],"binding":[1.6885703687750986e-31, 0.0, 0.0],"loss":2.8463054343715384e52,"absorbed":2.673588454199193e-31,"hhe_photo":[[7.219847365644506e-21, 4.990701188966249e-22, 3.140642392278413e-23], [0.0, 0.0, 0.0], [0.0, 0.0, 0.0]],"hhe_photon_rhs":[-7.219847365644506e-21, -4.990701188966249e-22, -3.140642392278413e-23]}
P	69	{"a":0.5,"mpc":3.085677581491367e24,"c":29979245800.0,"n":[0.0001, 0.0, 0.0],"energy":[20.0, 40.0, 80.0],"counts":[0.0, 0.0, 0.0],"sigma":[[2.2111029840392163e-18, 3.056838665005839e-19, 3.847329957921876e-20], [0.0, 3.1589997113154896e-18, 6.962673030955817e-19], [0.0, 0.0, 5.535920736201883e-19]],"gamma":[0.0, 0.0, 0.0],"events":[0.0, 0.0, 0.0],"heat":[0.0, 0.0, 0.0],"binding":[0.0, 0.0, 0.0],"loss":0.0,"absorbed":0.0,"hhe_photo":[[0.0, 0.0, 0.0], [0.0, 0.0, 0.0], [0.0, 0.0, 0.0]],"hhe_photon_rhs":[0.0, 0.0, 0.0]}
P	70	{"a":1.0,"mpc":3.085677581491367e24,"c":29979245800.0,"n":[0.0001, 8e-6, 3e-6],"energy":[13.7, 24.7, 54.5],"counts":[4e63, 2e63, 1e63],"sigma":[[6.22255406204696e-18, 1.2236195803385636e-18, 1.2253129073532132e-19], [0.0, 7.383702991339329e-18, 1.6854685216437889e-18], [0.0, 0.0, 1.5810273336613405e-18]],"gamma":[2.802008121976539e-17, 1.678845969420782e-17, 1.613275155027833e-18],"events":[2.8020081219765394e-21, 1.3430767755366257e-22, 4.839825465083499e-24],"heat":[5.674239961824872e-33, 6.811428866151189e-34, 6.377099536346482e-37],"binding":[6.104761483155211e-32, 5.2908280285744124e-33, 4.219692024136909e-34],"loss":8.641112126541493e52,"absorbed":7.311643262093385e-32,"hhe_photo":[[2.5397895799487024e-21, 2.4971548892761027e-22, 1.2503053100227345e-23], [0.0, 1.2054890472206338e-22, 1.375877283159917e-23], [0.0, 0.0, 4.8398254650834994e-24]],"hhe_photon_rhs":[-2.5397895799487024e-21, -3.702643936496737e-22, -3.1101651396910015e-23]}
P	71	{"a":1.0,"mpc":3.085677581491367e24,"c":29979245800.0,"n":[0.0001, 8e-6, 3e-6],"energy":[13.7, 24.7, 54.5],"counts":[0.0, 0.0, 0.0],"sigma":[[6.22255406204696e-18, 1.2236195803385636e-18, 1.2253129073532132e-19], [0.0, 7.383702991339329e-18, 1.6854685216437889e-18], [0.0, 0.0, 1.5810273336613405e-18]],"gamma":[0.0, 0.0, 0.0],"events":[0.0, 0.0, 0.0],"heat":[0.0, 0.0, 0.0],"binding":[0.0, 0.0, 0.0],"loss":0.0,"absorbed":0.0,"hhe_photo":[[0.0, 0.0, 0.0], [0.0, 0.0, 0.0], [0.0, 0.0, 0.0]],"hhe_photon_rhs":[0.0, 0.0, 0.0]}
P	72	{"a":1.0,"mpc":3.085677581491367e24,"c":29979245800.0,"n":[0.0001, 8e-6, 3e-6],"energy":[20.0, 40.0, 80.0],"counts":[4e63, 2e63, 1e63],"sigma":[[2.2111029840392163e-18, 3.056838665005839e-19, 3.847329957921876e-20], [0.0, 3.1589997113154896e-18, 6.962673030955817e-19], [0.0, 0.0, 5.535920736201883e-19]],"gamma":[9.687904885579893e-18, 7.157334979875172e-18, 5.648835534826319e-19],"events":[9.687904885579894e-22, 5.725867983900138e-23, 1.694650660447896e-24],"heat":[1.231272606780118e-32, 1.7781850366388515e-33, 6.945909938532305e-35],"binding":[2.1107129609688732e-32, 2.2556106522675536e-33, 1.477512758916599e-34],"loss":3.0195102572477896e52,"absorbed":3.7670861741673296e-32,"hhe_photo":[[9.024809207055633e-22, 6.238376486207811e-23, 3.925802990348016e-24], [0.0, 5.157492868592767e-23, 5.683751153073702e-24], [0.0, 0.0, 1.694650660447896e-24]],"hhe_photon_rhs":[-9.024809207055633e-22, -1.1395869354800579e-22, -1.1304204803869613e-23]}
P	73	{"a":1.0,"mpc":3.085677581491367e24,"c":29979245800.0,"n":[0.0001, 8e-6, 3e-6],"energy":[20.0, 40.0, 80.0],"counts":[0.0, 0.0, 0.0],"sigma":[[2.2111029840392163e-18, 3.056838665005839e-19, 3.847329957921876e-20], [0.0, 3.1589997113154896e-18, 6.962673030955817e-19], [0.0, 0.0, 5.535920736201883e-19]],"gamma":[0.0, 0.0, 0.0],"events":[0.0, 0.0, 0.0],"heat":[0.0, 0.0, 0.0],"binding":[0.0, 0.0, 0.0],"loss":0.0,"absorbed":0.0,"hhe_photo":[[0.0, 0.0, 0.0], [0.0, 0.0, 0.0], [0.0, 0.0, 0.0]],"hhe_photon_rhs":[0.0, 0.0, 0.0]}
P	74	{"a":1.0,"mpc":3.085677581491367e24,"c":29979245800.0,"n":[0.0, 0.0, 0.0],"energy":[13.7, 24.7, 54.5],"counts":[4e63, 2e63, 1e63],"sigma":[[6.22255406204696e-18, 1.2236195803385636e-18, 1.2253129073532132e-19], [0.0, 7.383702991339329e-18, 1.6854685216437889e-18], [0.0, 0.0, 1.5810273336613405e-18]],"gamma":[2.802008121976539e-17, 1.678845969420782e-17, 1.613275155027833e-18],"events":[0.0, 0.0, 0.0],"heat":[0.0, 0.0, 0.0],"binding":[0.0, 0.0, 0.0],"loss":0.0,"absorbed":0.0,"hhe_photo":[[0.0, 0.0, 0.0], [0.0, 0.0, 0.0], [0.0, 0.0, 0.0]],"hhe_photon_rhs":[0.0, 0.0, 0.0]}
P	75	{"a":1.0,"mpc":3.085677581491367e24,"c":29979245800.0,"n":[0.0, 0.0, 0.0],"energy":[13.7, 24.7, 54.5],"counts":[0.0, 0.0, 0.0],"sigma":[[6.22255406204696e-18, 1.2236195803385636e-18, 1.2253129073532132e-19], [0.0, 7.383702991339329e-18, 1.6854685216437889e-18], [0.0, 0.0, 1.5810273336613405e-18]],"gamma":[0.0, 0.0, 0.0],"events":[0.0, 0.0, 0.0],"heat":[0.0, 0.0, 0.0],"binding":[0.0, 0.0, 0.0],"loss":0.0,"absorbed":0.0,"hhe_photo":[[0.0, 0.0, 0.0], [0.0, 0.0, 0.0], [0.0, 0.0, 0.0]],"hhe_photon_rhs":[0.0, 0.0, 0.0]}
P	76	{"a":1.0,"mpc":3.085677581491367e24,"c":29979245800.0,"n":[0.0, 0.0, 0.0],"energy":[20.0, 40.0, 80.0],"counts":[4e63, 2e63, 1e63],"sigma":[[2.2111029840392163e-18, 3.056838665005839e-19, 3.847329957921876e-20], [0.0, 3.1589997113154896e-18, 6.962673030955817e-19], [0.0, 0.0, 5.535920736201883e-19]],"gamma":[9.687904885579893e-18, 7.157334979875172e-18, 5.648835534826319e-19],"events":[0.0, 0.0, 0.0],"heat":[0.0, 0.0, 0.0],"binding":[0.0, 0.0, 0.0],"loss":0.0,"absorbed":0.0,"hhe_photo":[[0.0, 0.0, 0.0], [0.0, 0.0, 0.0], [0.0, 0.0, 0.0]],"hhe_photon_rhs":[0.0, 0.0, 0.0]}
P	77	{"a":1.0,"mpc":3.085677581491367e24,"c":29979245800.0,"n":[0.0, 0.0, 0.0],"energy":[20.0, 40.0, 80.0],"counts":[0.0, 0.0, 0.0],"sigma":[[2.2111029840392163e-18, 3.056838665005839e-19, 3.847329957921876e-20], [0.0, 3.1589997113154896e-18, 6.962673030955817e-19], [0.0, 0.0, 5.535920736201883e-19]],"gamma":[0.0, 0.0, 0.0],"events":[0.0, 0.0, 0.0],"heat":[0.0, 0.0, 0.0],"binding":[0.0, 0.0, 0.0],"loss":0.0,"absorbed":0.0,"hhe_photo":[[0.0, 0.0, 0.0], [0.0, 0.0, 0.0], [0.0, 0.0, 0.0]],"hhe_photon_rhs":[0.0, 0.0, 0.0]}
P	78	{"a":1.0,"mpc":3.085677581491367e24,"c":29979245800.0,"n":[0.0001, 0.0, 0.0],"energy":[13.7, 24.7, 54.5],"counts":[4e63, 2e63, 1e63],"sigma":[[6.22255406204696e-18, 1.2236195803385636e-18, 1.2253129073532132e-19], [0.0, 7.383702991339329e-18, 1.6854685216437889e-18], [0.0, 0.0, 1.5810273336613405e-18]],"gamma":[2.802008121976539e-17, 1.678845969420782e-17, 1.613275155027833e-18],"events":[2.8020081219765394e-21, 0.0, 0.0],"heat":[5.674239961824872e-33, 0.0, 0.0],"binding":[6.104761483155211e-32, 0.0, 0.0],"loss":8.232296909320479e52,"absorbed":6.672185479337698e-32,"hhe_photo":[[2.5397895799487024e-21, 2.4971548892761027e-22, 1.2503053100227345e-23], [0.0, 0.0, 0.0], [0.0, 0.0, 0.0]],"hhe_photon_rhs":[-2.5397895799487024e-21, -2.4971548892761027e-22, -1.2503053100227345e-23]}
P	79	{"a":1.0,"mpc":3.085677581491367e24,"c":29979245800.0,"n":[0.0001, 0.0, 0.0],"energy":[13.7, 24.7, 54.5],"counts":[0.0, 0.0, 0.0],"sigma":[[6.22255406204696e-18, 1.2236195803385636e-18, 1.2253129073532132e-19], [0.0, 7.383702991339329e-18, 1.6854685216437889e-18], [0.0, 0.0, 1.5810273336613405e-18]],"gamma":[0.0, 0.0, 0.0],"events":[0.0, 0.0, 0.0],"heat":[0.0, 0.0, 0.0],"binding":[0.0, 0.0, 0.0],"loss":0.0,"absorbed":0.0,"hhe_photo":[[0.0, 0.0, 0.0], [0.0, 0.0, 0.0], [0.0, 0.0, 0.0]],"hhe_photon_rhs":[0.0, 0.0, 0.0]}
P	80	{"a":1.0,"mpc":3.085677581491367e24,"c":29979245800.0,"n":[0.0001, 0.0, 0.0],"energy":[20.0, 40.0, 80.0],"counts":[4e63, 2e63, 1e63],"sigma":[[2.2111029840392163e-18, 3.056838665005839e-19, 3.847329957921876e-20], [0.0, 3.1589997113154896e-18, 6.962673030955817e-19], [0.0, 0.0, 5.535920736201883e-19]],"gamma":[9.687904885579893e-18, 7.157334979875172e-18, 5.648835534826319e-19],"events":[9.687904885579894e-22, 0.0, 0.0],"heat":[1.231272606780118e-32, 0.0, 0.0],"binding":[2.1107129609688732e-32, 0.0, 0.0],"loss":2.8463054343715384e52,"absorbed":3.341985567748991e-32,"hhe_photo":[[9.024809207055633e-22, 6.238376486207811e-23, 3.925802990348016e-24], [0.0, 0.0, 0.0], [0.0, 0.0, 0.0]],"hhe_photon_rhs":[-9.024809207055633e-22, -6.238376486207811e-23, -3.925802990348016e-24]}
P	81	{"a":1.0,"mpc":3.085677581491367e24,"c":29979245800.0,"n":[0.0001, 0.0, 0.0],"energy":[20.0, 40.0, 80.0],"counts":[0.0, 0.0, 0.0],"sigma":[[2.2111029840392163e-18, 3.056838665005839e-19, 3.847329957921876e-20], [0.0, 3.1589997113154896e-18, 6.962673030955817e-19], [0.0, 0.0, 5.535920736201883e-19]],"gamma":[0.0, 0.0, 0.0],"events":[0.0, 0.0, 0.0],"heat":[0.0, 0.0, 0.0],"binding":[0.0, 0.0, 0.0],"loss":0.0,"absorbed":0.0,"hhe_photo":[[0.0, 0.0, 0.0], [0.0, 0.0, 0.0], [0.0, 0.0, 0.0]],"hhe_photon_rhs":[0.0, 0.0, 0.0]}
G	82	{"amp":1.0,"edges":[1.0, 2.0, 4.0, 8.0, 16.0],"h":9.313225746154785e-10,"mode":0,"n":[0.23254415793482963, 0.11701964434787852, 0.017980176260831666, 0.0003353500927277926],"flux":[3.4261442829989114e-10, 2.520816088404743e-10, 6.823107186233319e-11, 2.499391346443533e-12, 1.6769047784694898e-15],"coeff":[1.5819767068693265, 2.3130352854993315, 4.074629441455096, 8.00268460160673],"source":[0.0, 0.0, 0.0, 1.6769047784694898e-15],"kappa":[1.0, 1.0, 0.0, 0.0],"rhs":[-9.053507876820268e-11, -1.8385167389558914e-10, -6.573168051588966e-11, -2.4977144416650632e-12],"c":29979245800.0,"mpc":3.085677581491367e24}
G	83	{"amp":1.0,"edges":[1.0, 2.0, 4.0, 8.0, 16.0],"h":9.313225746154785e-10,"mode":1,"n":[0.23254415793482963, 0.11701964434787852, 0.017980176260831666, 0.0003353500927277926],"flux":[3.4261442829989114e-10, 2.520816088404743e-10, 6.823107186233319e-11, 2.499391346443533e-12, 1.6769047784694898e-15],"coeff":[1.5819767068693265, 2.3130352854993315, 4.074629441455096, 8.00268460160673],"source":[0.0, 0.0, 0.0, 0.0],"kappa":[1.0, 1.0, 0.0, 0.0],"rhs":[-9.053507876820268e-11, -1.8385167389558914e-10, -6.573168051588966e-11, -2.499391346443533e-12],"c":29979245800.0,"mpc":3.085677581491367e24}
G	84	{"amp":1.0,"edges":[1.0, 2.0, 4.0, 8.0, 16.0],"h":9.313225746154785e-10,"mode":2,"n":[0.23254415793482963, 0.11701964434787852, 0.017980176260831666, 0.0003353500927277926],"flux":[3.4261442829989114e-10, 2.520816088404743e-10, 6.823107186233319e-11, 2.499391346443533e-12, 1.6769047784694898e-15],"coeff":[1.0, 1.0, 1.0, 1.0],"source":[0.0, 0.0, 0.0, 0.0],"kappa":[1.0, 1.0, 0.0, 0.0],"rhs":[-1.0759284673378598e-10, -9.223882932482403e-11, -1.6433024935521068e-11, -3.123191117567873e-13],"c":29979245800.0,"mpc":3.085677581491367e24}
E	85	{"source":[1.0, 2.0, 3.0, 4.0],"rhs":[1.0, 2.0, 3.0, 4.0],"gamma":[0.0, 0.0, 0.0, 0.0]}
G	86	{"amp":1048576.0,"edges":[1.0, 2.0, 4.0, 8.0, 16.0],"h":9.313225746154785e-10,"mode":0,"n":[243840.22295067192, 122703.99059172107, 18853.581302877825, 351.64005883213787],"flux":[0.00035925726676898665, 0.0002643267250715092, 7.154546440911789e-5, 2.620801780488374e-6, 1.7583621049884237e-9],"coeff":[1.5819767068693265, 2.3130352854993315, 4.074629441455096, 8.00268460160673],"source":[0.0, 0.0, 0.0, 1.7583621049884237e-9],"kappa":[1.0, 1.0, 0.0, 0.0],"rhs":[-9.49329107544469e-5, -0.00019278245280674128, -6.892466262862952e-5, -2.6190434183833853e-6],"c":29979245800.0,"mpc":3.085677581491367e24}
G	87	{"amp":1048576.0,"edges":[1.0, 2.0, 4.0, 8.0, 16.0],"h":9.313225746154785e-10,"mode":1,"n":[243840.22295067192, 122703.99059172107, 18853.581302877825, 351.64005883213787],"flux":[0.00035925726676898665, 0.0002643267250715092, 7.154546440911789e-5, 2.620801780488374e-6, 1.7583621049884237e-9],"coeff":[1.5819767068693265, 2.3130352854993315, 4.074629441455096, 8.00268460160673],"source":[0.0, 0.0, 0.0, 0.0],"kappa":[1.0, 1.0, 0.0, 0.0],"rhs":[-9.49329107544469e-5, -0.00019278245280674128, -6.892466262862952e-5, -2.620801780488374e-6],"c":29979245800.0,"mpc":3.085677581491367e24}
G	88	{"amp":1048576.0,"edges":[1.0, 2.0, 4.0, 8.0, 16.0],"h":9.313225746154785e-10,"mode":2,"n":[243840.22295067192, 122703.99059172107, 18853.581302877825, 351.64005883213787],"flux":[0.00035925726676898665, 0.0002643267250715092, 7.154546440911789e-5, 2.620801780488374e-6, 1.7583621049884237e-9],"coeff":[1.0, 1.0, 1.0, 1.0],"source":[0.0, 0.0, 0.0, 0.0],"kappa":[1.0, 1.0, 0.0, 0.0],"rhs":[-0.00011281927685672637, -9.671942269810668e-5, -1.723127555478894e-5, -3.27490324929485e-7],"c":29979245800.0,"mpc":3.085677581491367e24}
E	89	{"source":[1048576.0, 2097152.0, 3145728.0, 4194304.0],"rhs":[1048576.0, 2097152.0, 3145728.0, 4194304.0],"gamma":[0.0, 0.0, 0.0, 0.0]}
