E_eV,raw_fion_energy_eV,raw_heat_energy_eV,raw_exc_energy_eV,HI_count_energy_eV,HeI_count_energy_eV,HeII_count_energy_eV,raw_event_defect_eV,heat_correction_eV
1.000000000000000000e+01,0.000000000000000000e+00,1.000000000000000000e+01,0.000000000000000000e+00,0.000000000000000000e+00,0.000000000000000000e+00,0.000000000000000000e+00,0.000000000000000000e+00,-0.000000000000000000e+00
1.019999999999999929e+01,0.000000000000000000e+00,1.016032199999999897e+01,3.977418599999999610e-02,0.000000000000000000e+00,0.000000000000000000e+00,0.000000000000000000e+00,9.618600000038668441e-05,-9.618600000038668441e-05
1.040399999999999991e+01,0.000000000000000000e+00,1.037146669200000026e+01,3.263557932000000356e-02,0.000000000000000000e+00,0.000000000000000000e+00,0.000000000000000000e+00,1.022713200011793333e-04,-1.022713200011793333e-04
1.061209999999999987e+01,0.000000000000000000e+00,1.057140259649999869e+01,4.079439809399999783e-02,0.000000000000000000e+00,0.000000000000000000e+00,0.000000000000000000e+00,9.699459399925558500e-05,-9.699459399925558500e-05
1.082429999999999914e+01,0.000000000000000000e+00,1.074994788329999906e+01,7.444931891399998725e-02,0.000000000000000000e+00,0.000000000000000000e+00,0.000000000000000000e+00,9.720221400044692928e-05,-9.720221400044692928e-05
1.104080000000000084e+01,0.000000000000000000e+00,1.096440870480000029e+01,7.648933750399999898e-02,0.000000000000000000e+00,0.000000000000000000e+00,0.000000000000000000e+00,9.804230399979019239e-05,-9.804230399979019239e-05
1.126159999999999961e+01,0.000000000000000000e+00,1.114646140159999987e+01,1.152433312799999998e-01,0.000000000000000000e+00,0.000000000000000000e+00,0.000000000000000000e+00,1.047328800005686844e-04,-1.047328800005686844e-04
1.148690000000000033e+01,0.000000000000000000e+00,1.134014336559999947e+01,1.468600164999999957e-01,0.000000000000000000e+00,0.000000000000000000e+00,0.000000000000000000e+00,1.033820999989387701e-04,-1.033820999989387701e-04
1.171659999999999968e+01,0.000000000000000000e+00,1.157085721260000000e+01,1.458400351799999939e-01,0.000000000000000000e+00,0.000000000000000000e+00,0.000000000000000000e+00,9.724778000119727039e-05,-9.724778000119727039e-05
1.195090000000000074e+01,0.000000000000000000e+00,1.176028314500000072e+01,1.907124622000000158e-01,0.000000000000000000e+00,0.000000000000000000e+00,0.000000000000000000e+00,9.560720000045819233e-05,-9.560720000045819233e-05
1.218989999999999974e+01,0.000000000000000000e+00,1.197374869319999924e+01,2.162463880199999855e-01,0.000000000000000000e+00,0.000000000000000000e+00,0.000000000000000000e+00,9.508121999957097614e-05,-9.508121999957097614e-05
1.243369999999999997e+01,0.000000000000000000e+00,1.218963890270000050e+01,2.441605669000000145e-01,0.000000000000000000e+00,0.000000000000000000e+00,0.000000000000000000e+00,9.946960000029037019e-05,-9.946960000029037019e-05
1.268239999999999945e+01,0.000000000000000000e+00,1.237537177839999814e+01,3.071271443199999895e-01,0.000000000000000000e+00,0.000000000000000000e+00,0.000000000000000000e+00,9.892271999945023708e-05,-9.892271999945023708e-05
1.293609999999999971e+01,0.000000000000000000e+00,1.256122475809999983e+01,3.749774370899999765e-01,0.000000000000000000e+00,0.000000000000000000e+00,0.000000000000000000e+00,1.021951899993212010e-04,-1.021951899993212010e-04
1.319480000000000075e+01,0.000000000000000000e+00,1.280703121760000052e+01,3.878677434000000201e-01,0.000000000000000000e+00,0.000000000000000000e+00,0.000000000000000000e+00,9.896099999906482481e-05,-9.896099999906482481e-05
1.345870000000000033e+01,0.000000000000000000e+00,1.295862854280000143e+01,5.001737433199999749e-01,0.000000000000000000e+00,0.000000000000000000e+00,0.000000000000000000e+00,1.022861200006275340e-04,-1.022861200006275340e-04
1.372789999999999999e+01,5.439213626400000480e-03,1.318368486029999964e+01,5.388736138099999851e-01,5.440000000000000391e-03,0.000000000000000000e+00,0.000000000000000000e+00,9.847411000052375130e-05,-9.847411000052375130e-05
1.400239999999999974e+01,6.799537435199999764e-03,1.339175533599999923e+01,6.039431153600000046e-01,6.800543999999999513e-03,0.000000000000000000e+00,0.000000000000000000e+00,9.899536000013142711e-05,-9.899536000013142711e-05
1.428250000000000064e+01,5.439890035000000471e-03,1.364128716250000117e+01,6.358726107500000113e-01,5.440679999999999822e-03,0.000000000000000000e+00,0.000000000000000000e+00,1.004532500008536999e-04,-1.004532500008536999e-04
1.456809999999999938e+01,1.767795230699999859e-02,1.386096442599999889e+01,6.895635317799999608e-01,1.768054399999999943e-02,0.000000000000000000e+00,0.000000000000000000e+00,1.085017799979937081e-04,-1.085017799979937081e-04
1.485950000000000060e+01,1.903903156499999957e-02,1.404678936650000054e+01,7.937707148000000545e-01,1.904176800000000058e-02,0.000000000000000000e+00,0.000000000000000000e+00,1.018493000000120219e-04,-1.018493000000120219e-04
1.515670000000000073e+01,2.719794031500000209e-02,1.432559751219999988e+01,8.040083708800001006e-01,2.720190399999999897e-02,0.000000000000000000e+00,0.000000000000000000e+00,1.077870799992552975e-04,-1.077870799992552975e-04
1.545979999999999954e+01,5.167515448999999983e-02,1.448161207459999922e+01,9.266140325999999705e-01,5.168272000000000144e-02,0.000000000000000000e+00,0.000000000000000000e+00,1.088272000000500839e-04,-1.088272000000500839e-04
1.576900000000000013e+01,5.439721547000000296e-02,1.469807990300000000e+01,1.016627429999999999e+00,5.440516800000000375e-02,0.000000000000000000e+00,0.000000000000000000e+00,1.125010000002646393e-04,-1.125010000002646393e-04
1.608439999999999870e+01,7.207500061999999597e-02,1.498887543159999858e+01,1.023550095280000072e+00,7.208544000000000063e-02,0.000000000000000000e+00,0.000000000000000000e+00,1.109668799976759601e-04,-1.109668799976759601e-04
1.640609999999999857e+01,9.791308134899998072e-02,1.517301752399999870e+01,1.135272589019999945e+00,9.792720800000000170e-02,0.000000000000000000e+00,0.000000000000000000e+00,1.173210200029473071e-04,-1.173210200029473071e-04
1.673420000000000130e+01,1.196722885119999996e-01,1.536087440860000086e+01,1.253763079240000078e+00,1.196897919999999893e-01,0.000000000000000000e+00,0.000000000000000000e+00,1.272798399973851247e-04,-1.272798399973851247e-04
1.706889999999999930e+01,1.183147872399999828e-01,1.563272275399999955e+01,1.317976820389999748e+00,1.183319679999999818e-01,0.000000000000000000e+00,0.000000000000000000e+00,1.315423900010159741e-04,-1.315423900010159741e-04
1.741019999999999968e+01,1.849433315400000055e-01,1.574980663619999888e+01,1.475557975499999896e+00,1.849722400000000100e-01,0.000000000000000000e+00,0.000000000000000000e+00,1.368516999988855787e-04,-1.368516999988855787e-04
1.775840000000000174e+01,2.393423876800000183e-01,1.603235455360000117e+01,1.486813160799999922e+00,2.393790399999999874e-01,0.000000000000000000e+00,0.000000000000000000e+00,1.467543999993381476e-04,-1.467543999993381476e-04
1.811360000000000170e+01,2.611057326400000322e-01,1.621364638240000389e+01,1.638962000640000305e+00,2.611444800000000122e-01,0.000000000000000000e+00,0.000000000000000000e+00,1.528630400002839451e-04,-1.528630400002839451e-04
1.847589999999999932e+01,2.883034863699999728e-01,1.652052159939999854e+01,1.667200550349999810e+00,2.883458399999999644e-01,0.000000000000000000e+00,0.000000000000000000e+00,1.679897500004301492e-04,-1.679897500004301492e-04
1.884540000000000148e+01,3.780538003200000219e-01,1.663877326860000139e+01,1.828693541640000086e+00,3.781085599999999824e-01,0.000000000000000000e+00,0.000000000000000000e+00,1.753702400009160556e-04,-1.753702400009160556e-04
1.922230000000000061e+01,4.106978951100000441e-01,1.688390720499999986e+01,1.927842911600000209e+00,4.107580799999999699e-01,0.000000000000000000e+00,0.000000000000000000e+00,2.081965999991552962e-04,-2.081965999991552962e-04
1.960679999999999978e+01,4.705337897999999908e-01,1.711828533719999967e+01,2.018127923999999851e+00,4.706007999999999858e-01,0.000000000000000000e+00,0.000000000000000000e+00,2.140611999976727020e-04,-2.140611999976727020e-04
1.999889999999999901e+01,5.167715759999998992e-01,1.737054456749999787e+01,2.111723848800000081e+00,5.168476000000000736e-01,0.000000000000000000e+00,0.000000000000000000e+00,2.160162999977899290e-04,-2.160162999977899290e-04
2.039890000000000114e+01,5.548500800000000233e-01,1.751331240380000054e+01,2.330880308500000275e+00,5.549316800000000383e-01,0.000000000000000000e+00,0.000000000000000000e+00,2.243922999980441091e-04,-2.243922999980441091e-04
2.080689999999999884e+01,6.405237709800000179e-01,1.787576957629999796e+01,2.290756462400000082e+00,6.406157599999999785e-01,0.000000000000000000e+00,0.000000000000000000e+00,2.417986999994070629e-04,-2.417986999994070629e-04
2.122299999999999898e+01,6.786054250000000954e-01,1.806631220299999896e+01,2.478252155999999928e+00,6.787039200000000161e-01,0.000000000000000000e+00,0.000000000000000000e+00,2.682790000001489261e-04,-2.682790000001489261e-04
2.164740000000000109e+01,8.281840644600000356e-01,1.834954849440000046e+01,2.469838455600000149e+00,8.283080000000000442e-01,0.000000000000000000e+00,0.000000000000000000e+00,2.949500000006821665e-04,-2.949500000006821665e-04
2.208040000000000092e+01,9.165883165599999494e-01,1.848632913120000154e+01,2.677645947200000265e+00,9.167229599999999756e-01,0.000000000000000000e+00,0.000000000000000000e+00,2.980384000004221434e-04,-2.980384000004221434e-04
2.252199999999999847e+01,9.805065309999998480e-01,1.881573463599999840e+01,2.725927747999999706e+00,9.806511199999998762e-01,0.000000000000000000e+00,0.000000000000000000e+00,3.135040000010747008e-04,-3.135040000010747008e-04
2.297240000000000038e+01,1.075698710680000003e+00,1.895590558399999992e+01,2.940995565200000161e+00,1.075857920000000023e+00,0.000000000000000000e+00,0.000000000000000000e+00,3.590692000017270402e-04,-3.590692000017270402e-04
2.343189999999999884e+01,1.185853311150000033e+00,1.920405885109999744e+01,3.042187008900000045e+00,1.186027439999999933e+00,0.000000000000000000e+00,0.000000000000000000e+00,3.732999999996877705e-04,-3.732999999996877705e-04
2.390050000000000097e+01,1.264730808249999949e+00,1.948024592800000221e+01,3.155750318499999985e+00,1.264918320000000040e+00,0.000000000000000000e+00,0.000000000000000000e+00,4.145665000017118018e-04,-4.145665000017118018e-04
2.437849999999999895e+01,1.319130386399999910e+00,1.969024628649999897e+01,3.369328106499999809e+00,1.319326479999999968e+00,0.000000000000000000e+00,0.000000000000000000e+00,4.008730000002458382e-04,-4.008730000002458382e-04
2.486609999999999943e+01,1.388488211460000121e+00,1.996558847639999712e+01,3.512237160600000241e+00,1.388696000000000152e+00,0.000000000000000000e+00,0.000000000000000000e+00,4.216369999987534811e-04,-4.216369999987534811e-04
2.536339999999999861e+01,1.597901809019999897e+00,2.012081058340000084e+01,3.644923487199999812e+00,1.598136000000000001e+00,0.000000000000000000e+00,0.000000000000000000e+00,4.700706000022591979e-04,-4.700706000022591979e-04
2.587069999999999936e+01,1.649596031169999977e+00,2.041193055859999816e+01,3.809408833599999600e+00,1.649843200000000065e+00,0.000000000000000000e+00,0.000000000000000000e+00,4.825921999973559195e-04,-4.825921999973559195e-04
2.638810000000000144e+01,1.838614616790000156e+00,2.066932374420000329e+01,3.880422881199999896e+00,1.838883199999999940e+00,0.000000000000000000e+00,0.000000000000000000e+00,5.298254000045687917e-04,-5.298254000045687917e-04
2.691590000000000060e+01,1.895484967750000083e+00,2.101981060960000036e+01,4.000887039600000250e+00,1.893310400000000060e+00,2.460000000000000381e-03,0.000000000000000000e+00,5.680492000017522969e-04,-5.680492000017522969e-04
2.745420000000000016e+01,2.098675919760000230e+00,2.113410588900000064e+01,4.221687242399999818e+00,2.089150399999999852e+00,9.840246000000000409e-03,0.000000000000000000e+00,5.837773999992634799e-04,-5.837773999992634799e-04
2.800329999999999941e+01,2.225422250999999907e+00,2.138794042450000177e+01,4.390217357500000084e+00,2.218364000000000225e+00,7.380984000000001023e-03,0.000000000000000000e+00,6.027660000000878426e-04,-6.027660000000878426e-04
2.856330000000000169e+01,2.232487533690000081e+00,2.173187266560000097e+01,4.599262566000000163e+00,2.227897599999999922e+00,4.920738000000000022e-03,0.000000000000000000e+00,6.535696000007362727e-04,-6.535696000007362727e-04
2.913459999999999894e+01,2.536041651220000137e+00,2.192766140179999823e+01,4.671208687200000043e+00,2.521657599999999722e+00,1.476049200000000179e-02,0.000000000000000000e+00,6.881810000010091244e-04,-6.881810000010091244e-04
2.971730000000000160e+01,2.589104903850000028e+00,2.221843651800000075e+01,4.910100327100000328e+00,2.574738399999999761e+00,1.476147600000000081e-02,0.000000000000000000e+00,7.367210999973394792e-04,-7.367210999973394792e-04
3.031169999999999831e+01,2.735452085969999558e+00,2.252980757070000095e+01,5.046776803200000217e+00,2.716178399999999993e+00,1.968147599999999983e-02,0.000000000000000000e+00,7.442499000021030042e-04,-7.442499000021030042e-04
3.091789999999999949e+01,2.822547651429999860e+00,2.276614832180000292e+01,5.329596684100000203e+00,2.790992000000000139e+00,3.198196799999999951e-02,0.000000000000000000e+00,8.189739000030726856e-04,-8.189739000030726856e-04
3.153620000000000090e+01,3.050789912659999992e+00,2.304419513639999906e+01,5.441602846200000343e+00,3.004525600000000018e+00,4.674319800000000663e-02,0.000000000000000000e+00,8.667805999955646712e-04,-8.667805999955646712e-04
3.216700000000000159e+01,3.114154820700000048e+00,2.331705412500000207e+01,5.736180275000000606e+00,3.075259199999999637e+00,3.936467400000000227e-02,0.000000000000000000e+00,8.582740000022681670e-04,-8.582740000022681670e-04
3.281029999999999802e+01,3.290676228199999720e+00,2.370764004009999582e+01,5.812410265599999626e+00,3.249352800000000041e+00,4.182393600000000600e-02,0.000000000000000000e+00,9.270416999953567938e-04,-9.270416999953567938e-04
3.346650000000000347e+01,3.545240211000000308e+00,2.401281614700000233e+01,5.908878706500000355e+00,3.506406399999999923e+00,3.936418199999999756e-02,0.000000000000000000e+00,9.654354999995007347e-04,-9.654354999995007347e-04
3.413580000000000325e+01,3.562924125000000330e+00,2.441665502400000420e+01,6.156630480600000510e+00,3.524113600000000179e+00,3.936393600000000215e-02,0.000000000000000000e+00,9.630405999985214294e-04,-9.630405999985214294e-04
3.481860000000000355e+01,3.814830271800000006e+00,2.443868787960000333e+01,6.565534490400001033e+00,3.766193599999999808e+00,4.920393600000000367e-02,0.000000000000000000e+00,1.019906000003345525e-03,-1.019906000003345525e-03
3.551489999999999725e+01,4.040601202799999569e+00,2.485588409280000022e+01,6.618876398099999392e+00,3.979740800000000078e+00,6.150492000000000459e-02,0.000000000000000000e+00,1.106210900005066833e-03,-1.106210900005066833e-03
3.622520000000000095e+01,4.136446912400000286e+00,2.513782548640000059e+01,6.951398528800000420e+00,4.055914399999999809e+00,8.118614999999999859e-02,0.000000000000000000e+00,1.124565200001370613e-03,-1.124565200001370613e-03
3.694969999999999999e+01,4.354041798899999982e+00,2.559162086789999790e+01,7.004554628999999366e+00,4.273527999999999771e+00,8.118811800000000356e-02,0.000000000000000000e+00,1.191614899994419829e-03,-1.191614899994419829e-03
3.768869999999999720e+01,4.604051592000000248e+00,2.587246339860000077e+01,7.212712651199999492e+00,4.508821600000000096e+00,9.594811800000001278e-02,0.000000000000000000e+00,1.245767800000407988e-03,-1.245767800000407988e-03
3.844250000000000256e+01,4.782669867500000116e+00,2.604840734500000110e+01,7.611960982500000306e+00,4.704688799999999560e+00,7.872959399999999996e-02,0.000000000000000000e+00,1.286721500001419827e-03,-1.286721500001419827e-03
3.921139999999999759e+01,4.991964122599999776e+00,2.638938983419999929e+01,7.830634214199998944e+00,4.886956000000000522e+00,1.057878720000000050e-01,0.000000000000000000e+00,1.367920399999889014e-03,-1.367920399999889014e-03
3.999560000000000315e+01,5.080121125199999810e+00,2.680241141040000130e+01,8.113667398400000508e+00,4.972649600000000447e+00,1.082505780000000140e-01,0.000000000000000000e+00,1.378986799998926926e-03,-1.378986799998926926e-03
4.079549999999999699e+01,5.415521034000000178e+00,2.703317887049999868e+01,8.347412027999999040e+00,5.290903199999999806e+00,1.254708240000000086e-01,0.000000000000000000e+00,1.464922499998522198e-03,-1.464922499998522198e-03
4.161140000000000327e+01,5.733468360399999852e+00,2.751578791840000093e+01,8.362767892200000830e+00,5.606450399999999945e+00,1.279325460000000081e-01,0.000000000000000000e+00,1.538756599998691854e-03,-1.538756599998691854e-03
4.244360000000000355e+01,5.870628977600000020e+00,2.784431735160000443e+01,8.729290324800000889e+00,5.728877599999999681e+00,1.426927920000000127e-01,0.000000000000000000e+00,1.578068400000631755e-03,-1.578068400000631755e-03
4.329249999999999687e+01,6.120347309999999652e+00,2.825147331000000150e+01,8.921372059999999493e+00,5.973691200000000201e+00,1.476142680000000207e-01,0.000000000000000000e+00,1.650838000010423912e-03,-1.650838000010423912e-03
4.415840000000000032e+01,6.380932958399999855e+00,2.871947524160000143e+01,9.058698334399998942e+00,6.229398400000000002e+00,1.525347599999999915e-01,0.000000000000000000e+00,1.706736000002706533e-03,-1.706736000002706533e-03
4.504149999999999920e+01,6.671321772499999803e+00,2.879340945600000268e+01,9.577489435499998649e+00,6.475585599999999609e+00,1.968152520000000238e-01,0.000000000000000000e+00,1.799743500008332830e-03,-1.799743500008332830e-03
4.594239999999999924e+01,6.978237078399999405e+00,2.930817305919999782e+01,9.656770883200000100e+00,6.765292800000000106e+00,2.140396800000000099e-01,0.000000000000000000e+00,1.876422399995192336e-03,-1.876422399995192336e-03
4.686119999999999663e+01,7.135461201599999193e+00,2.958511570199999596e+01,1.014137287559999834e+01,6.917640000000000455e+00,2.189614019999999994e-01,0.000000000000000000e+00,1.889979599994262571e-03,-1.889979599994262571e-03
4.779840000000000089e+01,7.389584841599999621e+00,3.003670575359999972e+01,1.037287417920000010e+01,7.144773599999999725e+00,2.460221400000000280e-01,0.000000000000000000e+00,1.975672800000438656e-03,-1.975672800000438656e-03
4.875439999999999685e+01,7.693395565599999486e+00,3.040119615519999385e+01,1.066063710399999920e+01,7.453520799999999724e+00,2.411046000000000300e-01,0.000000000000000000e+00,2.058659199995815925e-03,-2.058659199995815925e-03
4.972950000000000159e+01,7.954830279000000282e+00,3.070463437350000291e+01,1.107093047849999934e+01,7.705148000000000330e+00,2.509446000000000176e-01,0.000000000000000000e+00,2.157451999998727388e-03,-2.157451999998727388e-03
5.072409999999999997e+01,8.247840108200000131e+00,3.101332342919999618e+01,1.146379877230000055e+01,7.978535199999999605e+00,2.706246000000000484e-01,0.000000000000000000e+00,2.182001499996033544e-03,-2.182001499996033544e-03
5.173859999999999815e+01,8.584054603200000244e+00,3.148480068959999656e+01,1.167067600199999866e+01,8.304962399999999079e+00,2.804670600000000458e-01,0.000000000000000000e+00,2.306151599995587276e-03,-2.306151599995587276e-03
5.277329999999999899e+01,8.843274654300000037e+00,3.184298703360000005e+01,1.208793545820000048e+01,8.495389599999999319e+00,3.493470599999999870e-01,0.000000000000000000e+00,2.359151800007452948e-03,-2.359151800007452948e-03
5.382880000000000109e+01,9.117468315200000006e+00,3.233662885280000410e+01,1.237567175040000045e+01,8.764683200000000340e+00,3.542744400000000238e-01,0.000000000000000000e+00,2.458243200003096263e-03,-2.458243200003096263e-03
5.490540000000000020e+01,9.506924915400000842e+00,3.277918266479999687e+01,1.262028071699999998e+01,9.159110399999999430e+00,3.493544399999999883e-01,0.000000000000000000e+00,2.528221799991570151e-03,-2.528221799991570151e-03
5.600350000000000250e+01,9.844743258000001163e+00,3.318599399500000402e+01,1.297382681350000055e+01,9.501871200000000073e+00,3.444344400000000084e-01,0.000000000000000000e+00,2.626448499995603925e-03,-2.626448499995603925e-03
5.712349999999999994e+01,1.028577165699999973e+01,3.365093973849999998e+01,1.318787395099999848e+01,9.908552000000000248e+00,3.788744400000000345e-01,0.000000000000000000e+00,2.740129500004684360e-03,-2.740129500004684360e-03
5.826599999999999824e+01,1.045018189800000030e+01,3.407448119400000053e+01,1.374244396199999940e+01,9.982032799999998929e+00,4.698969000000000618e-01,0.000000000000000000e+00,2.854855999999017513e-03,-2.854855999999017513e-03
5.943130000000000024e+01,1.082784797829999945e+01,3.460583565790000193e+01,1.399874555849999958e+01,1.044579279999999954e+01,3.838067400000000351e-01,0.000000000000000000e+00,2.880756399996187156e-03,-2.880756399996187156e-03
6.061999999999999744e+01,1.124943525999999849e+01,3.495149153999999925e+01,1.442022498000000041e+01,1.080352719999999955e+01,4.477593599999999951e-01,0.000000000000000000e+00,3.003080000006264072e-03,-3.003080000006264072e-03
6.183239999999999981e+01,1.132633536720000045e+01,3.564860456640000308e+01,1.485869671439999884e+01,1.084843440000000037e+01,4.797442800000000229e-01,0.000000000000000000e+00,3.079960800000947074e-03,-3.079960800000947074e-03
6.306900000000000261e+01,1.209354381900000064e+01,3.589969469700000104e+01,1.507702286399999991e+01,1.149036799999999836e+01,6.052092000000000027e-01,0.000000000000000000e+00,3.294760999999368778e-03,-3.294760999999368778e-03
6.433039999999999736e+01,1.234924956639999927e+01,3.639672505120000068e+01,1.558571199039999833e+01,1.174610239999999983e+01,6.052214999999999678e-01,0.000000000000000000e+00,3.360941600007549823e-03,-3.360941600007549823e-03
6.561700000000000443e+01,1.276375322300000015e+01,3.670385320500000148e+01,1.615070591199999939e+01,1.215820959999999928e+01,6.076814999999999856e-01,0.000000000000000000e+00,3.450216999993926947e-03,-3.450216999993926947e-03
6.692929999999999779e+01,1.290450447439999948e+01,3.751025846779999995e+01,1.651594257309999847e+01,1.233777040000000014e+01,5.634014999999999995e-01,5.440000000000000391e-03,3.512940899994987376e-03,-3.512940899994987376e-03
6.826789999999999736e+01,1.353138045899999931e+01,3.789216616289999706e+01,1.684571873610000026e+01,1.290627759999999924e+01,6.273565800000000525e-01,5.440000000000000008e-07,3.619622999991634060e-03,-3.619622999991634060e-03
6.963330000000000553e+01,1.390145274540000209e+01,3.828891450450000633e+01,1.744439504940000418e+01,1.323953200000000052e+01,6.642639600000000977e-01,5.439999999999999438e-11,3.805513954404204924e-03,-3.805513954404204924e-03
7.102589999999999293e+01,1.410332885939999770e+01,3.894158327069999359e+01,1.798247941380000015e+01,1.343403920000000085e+01,6.716464199999999662e-01,5.440000000000000044e-15,3.848304500010613083e-03,-3.848304500010613083e-03
7.244650000000000034e+01,1.471214543399999997e+01,3.946928787899999946e+01,1.826651561699999959e+01,1.401343999999999923e+01,7.011664200000000680e-01,5.439999999999999557e-19,3.909915999997792824e-03,-3.909915999997792824e-03
7.389539999999999509e+01,1.509224870519999939e+01,4.005271081259999733e+01,1.875199228559999653e+01,1.430991999999999997e+01,7.848113399999999684e-01,5.439999999999999879e-23,4.034438199994383467e-03,-4.034438199994383467e-03
7.537330000000000041e+01,1.567870162620000052e+01,4.054571001560000099e+01,1.915047119749999993e+01,1.487445599999999857e+01,8.069587200000000182e-01,5.439999999999999377e-27,4.295933099996318560e-03,-4.295933099996318560e-03
7.688079999999999359e+01,1.624360606639999816e+01,4.098230989039999628e+01,1.965657542079999942e+01,1.532869600000000077e+01,9.176611799999999652e-01,5.440000000000000523e-31,4.442491200009612839e-03,-4.442491200009612839e-03
7.841840000000000543e+01,1.653993050960000133e+01,4.157665149600000376e+01,2.030354319920000350e+01,1.566189600000000048e+01,8.807710200000000711e-01,5.439999999999999359e-35,4.461715199994387149e-03,-4.461715199994387149e-03
7.998669999999999902e+01,1.703052820389999766e+01,4.207932314929999507e+01,2.087852836749999952e+01,1.608091200000000143e+01,9.471885600000000682e-01,5.440000000000000391e-03,4.692076799997835224e-03,-4.692076799997835224e-03
8.158650000000000091e+01,1.749116656200000008e+01,4.283503374899999727e+01,2.126201300549999829e+01,1.645355199999999840e+01,1.040675940000000077e+00,5.440000000000000008e-07,4.775238500002387809e-03,-4.775238500002387809e-03
8.321819999999999595e+01,1.805585285399999762e+01,4.341277126679999299e+01,2.175148989779999553e+01,1.702067199999999758e+01,1.038223319999999950e+00,5.439999999999999438e-11,4.956484654400128420e-03,-4.956484654400128420e-03
8.488259999999999650e+01,1.860388920719999817e+01,4.396332990060000157e+01,2.231724830940000004e+01,1.756344800000000106e+01,1.038223319999999950e+00,5.440000000000000391e-03,5.089530000006448063e-03,-5.089530000006448063e-03
8.658020000000000493e+01,1.904617213660000274e+01,4.445503659100000249e+01,2.308089603679999868e+01,1.794968800000000186e+01,1.099723320000000060e+00,5.440000000000000008e-07,5.144491800010086990e-03,-5.144491800010086990e-03
8.831180000000000518e+01,1.960310011680000031e+01,4.519983378780000294e+01,2.351089726680000425e+01,1.846240799999999993e+01,1.144010699999999936e+00,5.439999999999999438e-11,5.349754654389471398e-03,-5.349754654389471398e-03
9.007810000000000628e+01,2.003517100200000201e+01,4.585047352480000171e+01,2.419452726949999999e+01,1.892902399999999830e+01,1.109575619999999985e+00,5.440000000000000044e-15,5.500414300001921220e-03,-5.500414300001921220e-03
9.187959999999999638e+01,2.050238146239999892e+01,4.671149676040000287e+01,2.466774312840000150e+01,1.933974399999999960e+01,1.166150700000000207e+00,5.439999999999999557e-19,5.534588800003348297e-03,-5.534588800003348297e-03
9.371720000000000539e+01,2.142759432520000118e+01,4.703488205320000759e+01,2.525687911720000045e+01,2.014350399999999652e+01,1.276855620000000080e+00,1.088000000000000078e-02,5.800790400002142633e-03,-5.800790400002142633e-03
9.559159999999999968e+01,2.207840948560000172e+01,4.803802911440000400e+01,2.547745559839999885e+01,2.076107999999999976e+01,1.321147920000000031e+00,1.088000000000000002e-06,6.113720800001942735e-03,-6.113720800001942735e-03
9.750339999999999918e+01,2.265033233020000125e+01,4.838654976699999821e+01,2.646876048100000034e+01,2.128875999999999991e+01,1.365432840000000203e+00,1.087999999999999888e-10,6.103088108801557610e-03,-6.103088108801557610e-03
9.945350000000000534e+01,2.291100334149999895e+01,4.935071631650000512e+01,2.719406777249999863e+01,2.157857599999999820e+01,1.330997760000000030e+00,5.440000000000000391e-03,6.297849000006294773e-03,-6.297849000006294773e-03
1.014429999999999978e+02,2.373786488599999700e+01,5.012846422199999807e+01,2.757910552399999915e+01,2.218649599999999822e+01,1.549932840000000089e+00,5.440543999999999415e-03,6.439129999989745556e-03,-6.439129999989745556e-03
1.034710000000000036e+02,2.426932999200000296e+01,5.069737545699999970e+01,2.850667438400000364e+01,2.271281600000000012e+01,1.549954980000000093e+00,1.088054400000000067e-02,6.701364999997849736e-03,-6.701364999997849736e-03
1.055409999999999968e+02,2.464582877899999858e+01,5.166939074699999424e+01,2.922831345800000236e+01,2.305839200000000133e+01,1.591774980000000062e+00,1.088054399999999979e-06,6.872273054398192471e-03,-6.872273054398192471e-03
1.076520000000000010e+02,2.559953794800000182e+01,5.209560175200000032e+01,2.995933629600000003e+01,2.392063199999999767e+01,1.677879900000000202e+00,5.440000000000000391e-03,6.889947999994205929e-03,-6.889947999994205929e-03
1.098050000000000068e+02,2.622736347000000379e+01,5.297783796000000223e+01,3.060243389000000036e+01,2.460756800000000055e+01,1.618847280000000000e+00,5.440543999999999415e-03,7.127673999988815012e-03,-7.127673999988815012e-03
1.120010000000000048e+02,2.675054284200000154e+01,5.384504075499999942e+01,3.140810442699999783e+01,2.510668799999999834e+01,1.648362360000000137e+00,5.440543999999999778e-07,7.196086054392480946e-03,-7.196086054392480946e-03
1.142409999999999997e+02,2.767522497299999884e+01,5.466351881300000315e+01,3.190511223900000104e+01,2.584652799999999928e+01,1.827944820000000137e+00,5.440000000000000391e-03,7.543871999999396394e-03,-7.543871999999396394e-03
1.165259999999999962e+02,2.858476000799999994e+01,5.534064444599999888e+01,3.260350869599999868e+01,2.676602399999999804e+01,1.818122039999999995e+00,5.440543999999999415e-03,7.739725999996949213e-03,-7.739725999996949213e-03
1.188559999999999945e+02,2.909571108799999806e+01,5.615054579999999618e+01,3.361271451199999660e+01,2.715920000000000201e+01,1.936202039999999958e+00,5.440543999999999415e-03,8.102895999996917453e-03,-8.102895999996917453e-03
1.212330000000000041e+02,3.016895328300000045e+01,5.684227424400000217e+01,3.422480329800000476e+01,2.815199999999999747e+01,2.022314340000000321e+00,5.440543999999999778e-07,8.392426054399493296e-03,-8.392426054399493296e-03
1.236580000000000013e+02,3.064616214000000127e+01,5.775706571799999978e+01,3.525786359199999964e+01,2.856965599999999839e+01,2.076441720000000046e+00,5.440000000000000391e-03,8.467029999991382283e-03,-8.467029999991382283e-03
1.261310000000000002e+02,3.133560724699999867e+01,5.885877888800000335e+01,3.593976714000000072e+01,2.918437600000000032e+01,2.140406640000000138e+00,1.632054399999999933e-02,8.649212000008787982e-03,-8.649212000008787982e-03
1.286539999999999964e+02,3.244074936999999892e+01,5.971526871599999708e+01,3.650106961000000183e+01,3.004525600000000196e+01,2.401174020000000464e+00,1.632054399999999768e-06,8.769978054402827183e-03,-8.769978054402827183e-03
1.312270000000000039e+02,3.298534994700000311e+01,6.055023743200000297e+01,3.769482452300000119e+01,3.078659200000000240e+01,2.204401080000000235e+00,1.632054400000000022e-10,9.055035163214597560e-03,-9.055035163214597560e-03
1.338509999999999991e+02,3.368253334199999927e+01,6.126601201800000496e+01,3.890580091500000037e+01,3.147624800000000178e+01,2.206841400000000064e+00,5.440000000000000391e-03,9.342333000006419752e-03,-9.342333000006419752e-03
1.365279999999999916e+02,3.475047183999999589e+01,6.252436287999999109e+01,3.925657847999999461e+01,3.225960800000000006e+01,2.497121400000000158e+00,5.440000000000000008e-07,9.671303999994051992e-03,-9.671303999994051992e-03
1.392589999999999861e+02,3.578622078399999396e+01,6.305967815699999335e+01,4.041672179300000067e+01,3.338038399999999939e+01,2.401210920000000026e+00,1.088000000000000078e-02,9.874870000004420945e-03,-9.874870000004420945e-03
1.420440000000000111e+02,3.644863244400000468e+01,6.420871749600000555e+01,4.139034320400000411e+01,3.381979999999999364e+01,2.629986000000000157e+00,5.441087999999999307e-03,1.028778799999940929e-02,-1.028778799999940929e-02
1.448849999999999909e+02,3.776775248999999945e+01,6.530082858000000101e+01,4.182018594000000178e+01,3.513900000000000290e+01,2.630010600000000309e+00,5.440543999999999415e-03,1.046566400000870090e-02,-1.046566400000870090e-02
1.477829999999999870e+02,3.842402334899999516e+01,6.626397602099999062e+01,4.309884298799999414e+01,3.559065600000000273e+01,2.829270600000000080e+00,1.088054400000000067e-02,1.062615300000402385e-02,-1.062615300000402385e-02
1.507379999999999995e+02,3.947782998599999615e+01,6.724844246400000713e+01,4.401564673800000094e+01,3.670857600000000076e+01,2.765335199999999993e+00,1.088108799999999883e-02,1.088149000000271371e-02,-1.088149000000271371e-02
1.537529999999999859e+02,4.069734282900000011e+01,6.800495189999999468e+01,4.505470284899999456e+01,3.768383199999999533e+01,2.999010600000000526e+00,2.176108800000000135e-02,1.125843700000928038e-02,-1.125843700000928038e-02
1.568280000000000030e+02,4.151252842800000309e+01,6.938117768399999363e+01,4.593852824399999690e+01,3.827692799999999806e+01,3.237655200000000288e+00,5.442175999999999958e-03,1.173130399999422480e-02,-1.173130399999422480e-02
1.599650000000000034e+02,4.235265333000000254e+01,7.057815764999999431e+01,4.703850807500000286e+01,3.928468800000000272e+01,3.075319800000000381e+00,5.442176000000000146e-07,1.167406921757674354e-02,-1.167406921757674354e-02
1.631639999999999873e+02,4.355401917599999706e+01,7.138718695199999331e+01,4.822719929999999522e+01,4.051834399999999903e+01,3.043339800000000483e+00,5.442175999999999933e-11,1.207005205441191720e-02,-1.207005205441191720e-02
1.664269999999999925e+02,4.448177642499999251e+01,7.261243295399999909e+01,4.933711772299999865e+01,4.105295999999999879e+01,3.436915200000000059e+00,5.442175999999999549e-15,1.242587699999830875e-02,-1.242587699999830875e-02
1.697560000000000002e+02,4.548544117600000192e+01,7.358039868800000249e+01,5.069457379199999991e+01,4.207567999999999842e+01,3.412364400000000408e+00,5.440000000000000391e-03,1.245688000000200191e-02,-1.245688000000200191e-02
1.731510000000000105e+02,4.676185166400000526e+01,7.490373739199999648e+01,5.148991287000000483e+01,4.332429599999999681e+01,3.429584400000000421e+00,1.632054399999999933e-02,1.285120599999345359e-02,-1.285120599999345359e-02
1.766140000000000043e+02,4.803936122800000419e+01,7.607859986799999774e+01,5.250063086800000889e+01,4.436755199999999633e+01,3.680504400000000231e+00,1.632054399999999768e-06,1.328876805439449527e-02,-1.328876805439449527e-02
1.801459999999999866e+02,4.885361359400000225e+01,7.730533239599999717e+01,5.399191795199999433e+01,4.519864799999999860e+01,3.658389000000000557e+00,5.440000000000000391e-03,1.372734800000330324e-02,-1.372734800000330324e-02
1.837489999999999952e+02,5.038856952500000119e+01,7.823076925200000176e+01,5.513480619500000302e+01,4.663616799999999785e+01,3.739569000000000365e+00,2.176054399999999972e-02,1.407299100000614089e-02,-1.407299100000614089e-02
1.874240000000000066e+02,5.143345635199999322e+01,8.006659568000000604e+01,5.592900841599999495e+01,4.736798399999999987e+01,4.069209000000000742e+00,5.442175999999999958e-03,1.423927199999752702e-02,-1.423927199999752702e-02
1.911730000000000018e+02,5.260526558299999778e+01,8.075969563900000026e+01,5.781320044899999999e+01,4.833780000000000143e+01,4.266058199999999800e+00,1.088054400000000067e-02,1.463483199998449891e-02,-1.463483199998449891e-02
1.949960000000000093e+02,5.410378515600000782e+01,8.230274170399999889e+01,5.859473803200000219e+01,4.997537599999999713e+01,4.138138200000000211e+00,1.088054399999999979e-06,1.499502405440011898e-02,-1.499502405440011898e-02
1.988959999999999866e+02,5.460431115199999397e+01,8.386489619200000334e+01,6.043216284799999727e+01,5.041343200000000024e+01,4.189798200000000250e+00,1.088000000000000078e-02,1.516924000000585693e-02,-1.516924000000585693e-02
2.028739999999999952e+02,5.656958903399999627e+01,8.532474691999999550e+01,6.098514164399999515e+01,5.206175199999999847e+01,4.507138199999999983e+00,1.088108799999999883e-02,1.565985199999886390e-02,-1.565985199999886390e-02
2.069310000000000116e+02,5.814905951700000486e+01,8.611226634000000502e+01,6.267526128000000085e+01,5.323692799999999892e+01,4.922902800000000134e+00,1.088108799999999956e-06,1.635950810879194250e-02,-1.635950810879194250e-02
2.110699999999999932e+02,5.925663607999999982e+01,8.765209425000000465e+01,6.416717962999999258e+01,5.463106399999999496e+01,4.625291999999999959e+00,1.088000000000000078e-02,1.650988000000097600e-02,-1.650988000000097600e-02
2.152909999999999968e+02,6.043476719200000247e+01,8.910959077300000786e+01,6.575245489200000293e+01,5.562128000000000583e+01,4.824527400000000021e+00,1.088000000000000002e-06,1.685415299999704075e-02,-1.685415299999704075e-02
2.195970000000000084e+02,6.189890437500000075e+01,9.063141504899999745e+01,6.707260969500001124e+01,5.674477600000000166e+01,5.149272000000000737e+00,1.631999999999999770e-02,1.739274400000567766e-02,-1.739274400000567766e-02
2.239890000000000043e+02,6.360234851700000291e+01,9.193807696199999668e+01,6.845484621300001038e+01,5.828171199999999885e+01,5.321496600000000576e+00,1.088163199999999872e-02,1.801340700001219375e-02,-1.801340700001219375e-02
2.284689999999999941e+02,6.506865660699999410e+01,9.352309974300000306e+01,6.988386925100000724e+01,5.967720799999999315e+01,5.397781200000000723e+00,5.441087999999999307e-03,1.839928200001850200e-02,-1.839928200001850200e-02
2.330380000000000109e+02,6.678496219200000894e+01,9.499630943399999694e+01,7.126325343800000667e+01,6.119238399999999700e+01,5.599501199999999734e+00,5.440543999999999415e-03,1.888861599996971563e-02,-1.888861599996971563e-02
2.376990000000000123e+02,6.767433149400000048e+01,9.697097094300001174e+01,7.306059083399999565e+01,6.187660000000000338e+01,5.793865800000000732e+00,1.632054399999999933e-02,1.934812100000726787e-02,-1.934812100000726787e-02
2.424530000000000030e+02,6.939610992500000464e+01,9.842331044399999485e+01,7.464036831500000346e+01,6.335900000000000176e+01,6.022670400000000868e+00,2.720163200000000336e-02,1.955079100000034487e-02,-1.955079100000034487e-02
2.473019999999999925e+02,7.097443748999999968e+01,1.000297021680000000e+02,7.630503209999999115e+01,6.491783199999998999e+01,6.042350400000001009e+00,2.720271999999999968e-02,2.011938799998347349e-02,-2.011938799998347349e-02
2.522479999999999905e+02,7.244966156800001045e+01,1.013668677919999936e+02,7.843878583199999355e+01,6.610660799999999426e+01,6.340035000000000309e+00,1.632271999999999890e-02,2.061934400001064205e-02,-2.061934400001064205e-02
2.572930000000000064e+02,7.423134613700000273e+01,1.032557975880000072e+02,7.981331777199999067e+01,6.768842399999999770e+01,6.529479600000000161e+00,2.720163200000000336e-02,2.122059200002013313e-02,-2.122059200002013313e-02
2.624390000000000214e+02,7.567638516200000254e+01,1.053375033810000048e+02,8.143245974900000306e+01,6.910023999999999944e+01,6.573784200000000411e+00,1.632271999999999890e-02,2.131004999995411708e-02,-2.131004999995411708e-02
2.676879999999999882e+02,7.785384254399998838e+01,1.068615849759999890e+02,8.298033543200000395e+01,7.089421600000000012e+01,6.957544200000000068e+00,1.632163199999999911e-02,2.200224000000616797e-02,-2.200224000000616797e-02
2.730419999999999732e+02,7.972717183199998203e+01,1.085680522079999832e+02,8.475442113599999061e+01,7.283235200000000020e+01,6.898528800000000238e+00,1.088163199999999872e-02,2.223577600000226084e-02,-2.223577600000226084e-02
2.785020000000000095e+02,8.164453231200000971e+01,1.102154954880000020e+02,8.665004875799999695e+01,7.413550399999999740e+01,7.513528799999999563e+00,1.088108799999999883e-02,2.345813400000906768e-02,-2.345813400000906768e-02
2.840720000000000027e+02,8.302345086400001151e+01,1.122760491359999975e+02,8.878073808800000677e+01,7.567924000000000717e+01,7.348782600000000720e+00,1.088108799999999883e-02,2.369091200000639219e-02,-2.369091200000639219e-02
2.897540000000000191e+02,8.493964657600001544e+01,1.139266367360000061e+02,9.089611955400000909e+01,7.737937599999999350e+01,7.516038000000000885e+00,5.984108799999999367e-02,2.401137800001151845e-02,-2.401137800001151845e-02
2.955489999999999782e+02,8.683200065099998710e+01,1.161265219819999857e+02,9.259875273899999115e+01,7.875447200000000691e+01,8.072022600000000381e+00,2.176598399999999864e-02,2.453530499997214065e-02,-2.453530499997214065e-02
3.014599999999999795e+02,8.879383715999998117e+01,1.176164277599999934e+02,9.505817595999998559e+01,8.040972800000000120e+01,8.384491800000001049e+00,1.632217600000000074e-02,2.514569600003824235e-02,-2.514569600003824235e-02
3.074889999999999759e+02,9.036917216599998426e+01,1.197568183629999936e+02,9.737192665199999908e+01,8.197250399999998649e+01,8.391896400000000256e+00,2.176163199999999950e-02,2.590704699997559146e-02,-2.590704699997559146e-02
3.136390000000000100e+02,9.279072542800000178e+01,1.220563805180000116e+02,9.880067594600001257e+01,8.403575999999999624e+01,8.755976399999999771e+00,1.632217600000000074e-02,2.611504000003606052e-02,-2.611504000003606052e-02
3.199119999999999777e+02,9.448760875999998632e+01,1.239588619359999910e+02,1.014751266640000011e+02,8.567619200000000035e+01,8.812605600000001260e+00,1.632163199999999911e-02,2.710783200001287696e-02,-2.710783200001287696e-02
3.263100000000000023e+02,9.639295293000000697e+01,1.261553617200000019e+02,1.037711483400000105e+02,8.709344799999999509e+01,9.284925600000001111e+00,3.264163199999999682e-02,2.752529200000708443e-02,-2.752529200000708443e-02
3.328360000000000127e+02,9.844190521200000887e+01,1.285076467640000146e+02,1.058961002679999979e+02,8.913086400000000253e+01,9.302194800000000541e+00,2.720326399999999784e-02,2.800909600000522914e-02,-2.800909600000522914e-02
3.394929999999999950e+02,1.009784584270000067e+02,1.303558061960000032e+02,1.081689201669999960e+02,9.121193599999999435e+01,9.774514800000000392e+00,1.088272000000000024e-02,2.905988300000217350e-02,-2.905988300000217350e-02
3.462830000000000155e+02,1.035019110019999999e+02,1.330890230880000047e+02,1.097024544000000077e+02,9.365871199999999419e+01,9.818844000000000349e+00,4.352108799999999944e-02,2.955457600000954699e-02,-2.955457600000954699e-02
3.532080000000000268e+02,1.056752418960000028e+02,1.350112855440000033e+02,1.125320688000000047e+02,9.487754399999998611e+01,1.079054400000000058e+01,2.720435199999999762e-02,3.064669600001934668e-02,-3.064669600001934668e-02
3.602719999999999914e+02,1.074770635839999926e+02,1.368968751040000029e+02,1.159088694720000063e+02,9.687279999999999802e+01,1.058646240000000027e+01,3.808272000000000046e-02,3.108969600003774758e-02,-3.108969600003774758e-02
3.674780000000000086e+02,1.102165741059999959e+02,1.401241386140000031e+02,1.171479441420000001e+02,9.934813599999999667e+01,1.086195780000000077e+01,2.720380799999999946e-02,3.138036400002874871e-02,-3.138036400002874871e-02
3.748269999999999982e+02,1.125999049349999979e+02,1.420519364599999790e+02,1.201864034150000009e+02,1.012646479999999940e+02,1.132938240000000008e+01,2.720271999999999968e-02,3.257299499995269798e-02,-3.257299499995269798e-02
3.823240000000000123e+02,1.148788038999999941e+02,1.445762029240000004e+02,1.228804628960000116e+02,1.035373439999999903e+02,1.134665160000000128e+01,1.632271999999999890e-02,3.298413999999638690e-02,-3.298413999999638690e-02
3.899710000000000036e+02,1.175255602700000139e+02,1.474051382899999965e+02,1.250520005700000041e+02,1.053776960000000003e+02,1.212647160000000035e+01,4.352163199999999760e-02,3.382809199996472671e-02,-3.382809199996472671e-02
3.977699999999999818e+02,1.198556586299999935e+02,1.499950892999999894e+02,1.279315829399999984e+02,1.076599120000000056e+02,1.218558540000000079e+01,3.264435200000000148e-02,3.481399200006762840e-02,-3.481399200006762840e-02
4.057250000000000227e+02,1.223062069750000234e+02,1.525805950250000080e+02,1.308503697500000271e+02,1.097709039999999874e+02,1.251525000000000176e+01,4.352326399999999901e-02,3.564203899998119596e-02,-3.564203899998119596e-02
4.138399999999999750e+02,1.253765525599999791e+02,1.549230731999999762e+02,1.335527894399999980e+02,1.128026159999999862e+02,1.258661460000000076e+01,1.088435199999999992e-02,3.597759199993788570e-02,-3.597759199993788570e-02
4.221170000000000186e+02,1.283041506179999942e+02,1.573061212199999943e+02,1.365198137890000112e+02,1.150074479999999824e+02,1.328279459999999901e+01,3.808108799999999905e-02,3.725869699997019779e-02,-3.725869699997019779e-02
4.305590000000000259e+02,1.308089909080000268e+02,1.607074384269999996e+02,1.390550568760000090e+02,1.172612399999999866e+02,1.352394840000000009e+01,4.896380799999999756e-02,3.764751099998875361e-02,-3.764751099998875361e-02
4.391700000000000159e+02,1.342261621200000263e+02,1.634186703599999930e+02,1.415379034499999875e+02,1.201092159999999893e+02,1.407747299999999946e+01,6.528489599999999504e-02,3.854770599997436875e-02,-3.854770599997436875e-02
4.479540000000000077e+02,1.362299786640000150e+02,1.664211823560000028e+02,1.453158296459999974e+02,1.221182079999999814e+02,1.409966220000000092e+01,3.808652800000000144e-02,3.896873000002187837e-02,-3.896873000002187837e-02
4.569130000000000109e+02,1.399794097669999928e+02,1.689376418809999905e+02,1.480096557420000067e+02,1.256300000000000097e+02,1.434320220000000212e+01,3.264380799999999638e-02,4.014363099997808604e-02,-4.014363099997808604e-02
4.660509999999999877e+02,1.427201958829999739e+02,1.718935903299999950e+02,1.514516613679999750e+02,1.277926720000000103e+02,1.491640679999999897e+01,3.808326399999999862e-02,4.141376199999058372e-02,-4.141376199999058372e-02
4.753720000000000141e+02,1.453321539560000133e+02,1.751517641439999977e+02,1.549023430600000211e+02,1.298914240000000007e+02,1.543062059999999924e+01,3.808380799999999677e-02,4.223561200006997751e-02,-4.223561200006997751e-02
4.848790000000000191e+02,1.493184880500000133e+02,1.783981363169999952e+02,1.571769220029999872e+02,1.338030559999999980e+02,1.548970979999999997e+01,5.440380799999999795e-02,4.322792799996477697e-02,-4.322792799996477697e-02
4.945769999999999982e+02,1.512594513720000009e+02,1.811803707180000060e+02,1.621520152199999814e+02,1.353238079999999854e+02,1.588822979999999951e+01,7.616544000000000092e-02,4.358917800004746823e-02,-4.358917800004746823e-02
5.044680000000000177e+02,1.552918978440000046e+02,1.841636104199999977e+02,1.650281302440000104e+02,1.390124000000000137e+02,1.625481900000000124e+01,5.440761599999999892e-02,4.536727999999357053e-02,-4.536727999999357053e-02
5.145579999999999927e+02,1.587282790499999976e+02,1.872435397360000024e+02,1.686021325119999972e+02,1.422546399999999949e+02,1.644918360000000135e+01,5.440543999999999936e-02,4.590128800009551924e-02,-4.590128800009551924e-02
5.248490000000000464e+02,1.619185407450000014e+02,1.905511530910000317e+02,1.723955764830000135e+02,1.449025599999999940e+02,1.700270820000000072e+01,4.352543999999999857e-02,4.652321399998982088e-02,-4.652321399998982088e-02
5.353460000000000036e+02,1.652811180019999995e+02,1.948991354519999959e+02,1.751823422719999996e+02,1.481189599999999871e+02,1.712329740000000200e+01,7.072435199999999034e-02,4.845947600006184075e-02,-4.845947600006184075e-02
5.460529999999999973e+02,1.694091208789999996e+02,1.981162191949999851e+02,1.785445875690000150e+02,1.513081600000000151e+02,1.809010200000000168e+01,4.352707199999999998e-02,4.959583599998040881e-02,-4.959583599998040881e-02
5.569740000000000464e+02,1.725789508740000144e+02,2.008386976860000175e+02,1.835730606600000101e+02,1.543532000000000153e+02,1.819352040000000059e+01,6.528435200000000382e-02,4.976309799997125083e-02,-4.976309799997125083e-02
5.681130000000000564e+02,1.758519936810000104e+02,2.048234842290000302e+02,1.874545654800000136e+02,1.572635999999999967e+02,1.859450040000000115e+01,2.720652799999999719e-02,5.035663699993619957e-02,-5.035663699993619957e-02
5.794759999999999991e+02,1.800066862120000053e+02,2.091670774839999751e+02,1.903196205840000061e+02,1.608975199999999859e+02,1.907916960000000373e+01,6.528272000000000241e-02,5.267038800002410426e-02,-5.267038800002410426e-02
5.910650000000000546e+02,1.837662459550000165e+02,2.124766372650000221e+02,1.948398487299999999e+02,1.645477599999999825e+02,1.915055880000000244e+01,1.033665279999999992e-01,5.317132300001503609e-02,-5.317132300001503609e-02
6.028859999999999673e+02,1.877157907320000163e+02,2.157409464419999949e+02,1.994479522919999965e+02,1.681082399999999950e+02,1.961057880000000253e+01,3.265033600000000202e-02,5.436786999996456871e-02,-5.436786999996456871e-02
6.149439999999999600e+02,1.913699578559999850e+02,2.201843888639999705e+02,2.034087165439999865e+02,1.712416800000000023e+02,2.008294800000000180e+01,8.160326399999999480e-02,5.533667199995306873e-02,-5.533667199995306873e-02
6.272430000000000518e+02,1.957380778229999976e+02,2.244005739510000126e+02,2.071237927589999970e+02,1.752251200000000040e+02,2.049135719999999949e+01,5.984815999999999747e-02,5.769206999991638440e-02,-5.769206999991638440e-02
6.397880000000000109e+02,1.994295970560000058e+02,2.283761653280000132e+02,2.120014312559999894e+02,1.783150399999999820e+02,2.107686179999999965e+01,7.616598399999999214e-02,5.766436800001883967e-02,-5.766436800001883967e-02
6.525839999999999463e+02,2.038829036159999646e+02,2.319766448159999754e+02,2.167446816719999845e+02,1.824072799999999859e+02,2.144347559999999930e+01,7.072761599999999316e-02,5.880970399994112086e-02,-5.880970399994112086e-02
6.656349999999999909e+02,2.080242502000000115e+02,2.360208583000000147e+02,2.216105261849999692e+02,1.855883200000000102e+02,2.238322020000000023e+01,9.248707200000000350e-02,6.041175699999712378e-02,-6.041175699999712378e-02
6.789479999999999791e+02,2.133064510559999860e+02,2.407814397719999704e+02,2.248804776119999929e+02,1.906216799999999978e+02,2.263915860000000180e+01,8.704924799999999574e-02,6.180523199998333439e-02,-6.180523199998333439e-02
6.925270000000000437e+02,2.168523645640000268e+02,2.442438849950000304e+02,2.314522187780000309e+02,1.938285600000000102e+02,2.297866320000000329e+01,8.704870399999999064e-02,6.337567700006729865e-02,-6.337567700006729865e-02
7.063780000000000427e+02,2.220576944580000145e+02,2.495386241700000198e+02,2.348035790900000279e+02,1.985681600000000060e+02,2.348790780000000211e+01,4.352870399999999446e-02,6.379976400000941794e-02,-6.379976400000941794e-02
7.205049999999999955e+02,2.258509383100000036e+02,2.537056616099999928e+02,2.409707357350000052e+02,2.024944800000000100e+02,2.334035700000000446e+01,5.984435199999999649e-02,6.607869699996626878e-02,-6.607869699996626878e-02
7.349149999999999636e+02,2.310337587199999803e+02,2.578647704549999844e+02,2.460385182750000013e+02,2.068927199999999971e+02,2.409311700000000300e+01,9.248598399999999331e-02,6.661171400003240706e-02,-6.661171400003240706e-02
7.496140000000000327e+02,2.364844766500000048e+02,2.628296606800000177e+02,2.503231007040000122e+02,2.116391199999999913e+02,2.478696000000000410e+01,1.033692479999999969e-01,6.821063200004573446e-02,-6.821063200004573446e-02
7.646059999999999945e+02,2.409403489019999824e+02,2.680700989939999772e+02,2.556192548899999792e+02,2.157844000000000051e+02,2.510430000000000206e+01,9.793033599999999284e-02,6.998421999992388010e-02,-6.998421999992388010e-02
7.798980000000000246e+02,2.465702119860000323e+02,2.724324095640000110e+02,2.609203351859999884e+02,2.205185600000000079e+02,2.598990000000000222e+01,1.088097919999999885e-01,7.201454200003354345e-02,-7.201454200003354345e-02
7.954959999999999809e+02,2.504468011760000081e+02,2.777609518319999893e+02,2.673129073680000261e+02,2.242422399999999811e+02,2.615988600000000019e+01,9.249087999999999754e-02,7.247608000000127504e-02,-7.247608000000127504e-02
8.114059999999999491e+02,2.562760938519999740e+02,2.816982552380000016e+02,2.734568044959999611e+02,2.289464799999999798e+02,2.726934600000000586e+01,1.088092479999999973e-01,7.369498200000634824e-02,-7.369498200000634824e-02
8.276340000000000146e+02,2.616109692300000233e+02,2.877253048320000062e+02,2.783233825919999731e+02,2.340927200000000141e+02,2.744892600000000016e+01,1.196908799999999856e-01,7.602430400004323019e-02,-7.602430400004323019e-02
8.441870000000000118e+02,2.674274671690000105e+02,2.932140032710000241e+02,2.835716993570000000e+02,2.397911199999999781e+02,2.761620600000000536e+01,7.073196799999999229e-02,7.676059600009921269e-02,-7.676059600009921269e-02
8.610700000000000500e+02,2.726621208500000080e+02,2.977511174400000300e+02,2.906834548799999993e+02,2.432047199999999805e+02,2.938494599999999934e+01,1.251270720000000058e-01,7.936539199988601467e-02,-7.936539199988601467e-02
8.782920000000000300e+02,2.782358792640000047e+02,3.038038376760000006e+02,2.962795101120000254e+02,2.484243999999999915e+02,2.975665199999999899e+01,1.088125120000000001e-01,8.121230000006107730e-02,-8.121230000006107730e-02
8.958579999999999472e+02,2.840479043440000169e+02,3.101809780620000083e+02,3.016568891919999942e+02,2.535869600000000048e+02,3.040117199999999897e+01,1.142508799999999991e-01,8.225013400010539044e-02,-8.225013400010539044e-02
9.137749999999999773e+02,2.899746171749999917e+02,3.148631068500000083e+02,3.089656029999999873e+02,2.586284799999999677e+02,3.134827199999999792e+01,5.441142399999999990e-02,8.487327399996047461e-02,-8.487327399996047461e-02
9.320499999999999545e+02,2.955306858000000148e+02,3.206801909499999965e+02,3.158670847500000036e+02,2.642561599999999657e+02,3.125011800000000051e+01,8.160544000000000131e-02,8.515913999997337669e-02,-8.515913999997337669e-02
9.506910000000000309e+02,3.017664358380000067e+02,3.273229112999999870e+02,3.216311242829999628e+02,2.694472799999999779e+02,3.222427800000000531e+01,1.523281599999999902e-01,8.692174299994803732e-02,-8.692174299994803732e-02
9.697050000000000409e+02,3.082798862550000081e+02,3.331334254050000254e+02,3.283217491950000522e+02,2.751674399999999991e+02,3.306313800000000214e+01,1.088152319999999978e-01,8.956783199994333700e-02,-8.956783199994333700e-02
9.890990000000000464e+02,3.142970873390000293e+02,3.397822121730000617e+02,3.350503625570000281e+02,2.805081599999999753e+02,3.373471800000000087e+01,1.142508799999999991e-01,9.070360999987769901e-02,-9.070360999987769901e-02
1.008879999999999995e+03,3.219174659199999837e+02,3.453416417600000159e+02,3.416521675999999843e+02,2.871667199999999980e+02,3.469436400000000020e+01,1.196914240000000046e-01,9.458478399994874053e-02,-9.458478399994874053e-02
1.109769999999999982e+03,3.538202007099999946e+02,3.768912092400000233e+02,3.790907733800000301e+02,3.149148000000000138e+02,3.883208400000000182e+01,1.414519679999999835e-01,1.003185879999364261e-01,-1.003185879999364261e-01
1.220750000000000000e+03,3.901846602499999790e+02,4.119896967500000073e+02,4.186122654999999781e+02,3.473181599999999776e+02,4.279317600000000255e+01,1.468941440000000043e-01,1.101923940000233415e-01,-1.101923940000233415e-01
1.342819999999999936e+03,4.309028810799999860e+02,4.497171321000000148e+02,4.622375857799999608e+02,3.831405599999999936e+02,4.768390200000000334e+01,1.632146879999999967e-01,1.223945680001179426e-01,-1.223945680001179426e-01
1.477099999999999909e+03,4.734445232999999575e+02,4.914031051000000048e+02,5.122937303999999585e+02,4.194403199999999856e+02,5.394017399999999895e+01,1.577763199999999977e-01,1.351058200000352372e-01,-1.351058200000352372e-01
1.624809999999999945e+03,5.218044818799999121e+02,5.387999944800000094e+02,5.642526431300000240e+02,4.628338400000000092e+02,5.886091200000000612e+01,2.121757759999999826e-01,1.495653860001766589e-01,-1.495653860001766589e-01
1.787289999999999964e+03,5.750748558199999252e+02,5.886260886000000028e+02,6.236408869900000127e+02,5.093118399999999610e+02,6.565838399999999808e+01,2.176212160000000062e-01,1.648208060000797559e-01,-1.648208060000797559e-01
1.966019999999999982e+03,6.345172268399999211e+02,6.426860399400000006e+02,6.888757138199999872e+02,5.607497600000000375e+02,7.366888200000001063e+01,2.230617599999999701e-01,1.834575200000472250e-01,-1.834575200000472250e-01
2.162630000000000109e+03,6.973465313899999956e+02,7.050476568200000429e+02,7.603006906900001241e+02,6.161874399999999241e+02,8.097335999999999956e+01,3.209823039999999961e-01,2.001298139998652914e-01,-2.001298139998652914e-01
2.378889999999999873e+03,7.683172399699999460e+02,7.727610064899998861e+02,8.378831202399999256e+02,6.776390400000000227e+02,9.052873800000000415e+01,2.992320959999999475e-01,2.211368260000199371e-01,-2.211368260000199371e-01
2.616780000000000200e+03,8.445683617800001457e+02,8.443145341200000757e+02,9.279756075000001374e+02,7.436520800000000690e+02,1.007018219999999928e+02,3.808299199999999884e-01,2.448735399998440698e-01,-2.448735399998440698e-01
2.878460000000000036e+03,9.313516391399999748e+02,9.258854436000000305e+02,1.021306392600000095e+03,8.204077600000000530e+02,1.106707260000000019e+02,4.569980800000000287e-01,2.673202800001490687e-01,-2.673202800001490687e-01
3.166300000000000182e+03,1.025672224200000073e+03,1.012468753200000037e+03,1.128250845300000037e+03,9.024633600000000797e+02,1.229594100000000196e+02,4.515656960000000164e-01,2.939341960000092513e-01,-2.939341960000092513e-01
3.482929999999999836e+03,1.128545944459999873e+03,1.109856542079999826e+03,1.244632001360000004e+03,9.914046400000000858e+02,1.368375000000000057e+02,5.277251520000000307e-01,3.284085919999597536e-01,-3.284085919999597536e-01
3.831219999999999800e+03,1.241652427359999820e+03,1.217308855479999920e+03,1.372369822539999859e+03,1.090420799999999872e+03,1.509200160000000324e+02,5.603743999999999392e-01,3.598684200001116551e-01,-3.598684200001116551e-01
4.214350000000000364e+03,1.366637846700000182e+03,1.332977833250000003e+03,1.514856536200000164e+03,1.198818239999999832e+03,1.674376860000000136e+02,6.528543999999999459e-01,3.931498499996450846e-01,-3.931498499996450846e-01
4.635779999999999745e+03,1.501686758520000012e+03,1.465425687359999984e+03,1.668801991739999949e+03,1.316418799999999919e+03,1.850111880000000042e+02,5.549452799999999852e-01,4.326123800001369091e-01,-4.326123800001369091e-01
5.099359999999999673e+03,1.653345095359999959e+03,1.604049582239999836e+03,1.842113203839999869e+03,1.449229600000000119e+03,2.038540500000000009e+02,5.930143999999999416e-01,4.794504800001959666e-01,-4.794504800001959666e-01
5.609300000000000182e+03,1.820156147700000247e+03,1.756434499700000060e+03,2.032877631600000086e+03,1.593185600000000022e+03,2.264683380000000170e+02,8.650198400000000953e-01,5.310891399994943640e-01,-5.310891399994943640e-01
6.170229999999999563e+03,2.003270063409999693e+03,1.923205158929999925e+03,2.243933714329999930e+03,1.753597600000000057e+03,2.491094400000000348e+02,9.575270399999998849e-01,5.734403000005841022e-01,-5.734403000005841022e-01
6.787250000000000000e+03,2.201430963000000247e+03,2.114852801999999883e+03,2.471169852500000161e+03,1.924032800000000179e+03,2.770009200000000078e+02,8.378579200000000338e-01,6.442324200006623869e-01,-6.442324200006623869e-01
7.465970000000000255e+03,2.423991411840000183e+03,2.320878900170000179e+03,2.721316201120000187e+03,2.116771999999999935e+03,3.065258400000000165e+02,1.180561599999999878e+00,7.035028900008910568e-01,-7.035028900008910568e-01
8.212569999999999709e+03,2.668272205569999642e+03,2.538226159620000089e+03,3.006318011910000223e+03,2.330210399999999936e+03,3.374062200000000189e+02,1.191479680000000041e+00,7.822712100005446700e-01,-7.822712100005446700e-01
9.033829999999999927e+03,2.936527745970000069e+03,2.783612105560000145e+03,3.313952129539999987e+03,2.561179200000000037e+03,3.746702999999999975e+02,1.267639679999999824e+00,8.513747800006967736e-01,-8.513747800006967736e-01
9.937209999999999127e+03,3.227287817279999672e+03,3.059517900849999933e+03,3.650702398169999924e+03,2.812697599999999966e+03,4.137990600000000541e+02,1.436285119999999971e+00,9.432441400003881427e-01,-9.432441400003881427e-01
