from_work_id,to_work_id,from_version_id,to_version_id,relationship,material_change_status,evidence
ThorsonDelos1978,ThorsonDelos1978,ThorsonDelos1978:available,ThorsonDelos1978:cited,COPY_OF,NOT_REASSESSED_EXISTING_FILE,v1 identity review reused
Kadyrov2005,Kadyrov2005,Kadyrov2005:available,Kadyrov2005:cited,PREPRINT_OF,NOT_REASSESSED_EXISTING_FILE,v1 identity review reused
TemplatesGHEP,TemplatesGHEP,TemplatesGHEP:available,TemplatesGHEP:cited,AUTHOR_WEB_EDITION_OF,NOT_ASSESSED_AGAINST_CITED_PUBLISHER_VERSION,Official table of contents chapter boundary node155 through189 before SVD at190; all35 nodes and323 image references present; six named chapter authors and section labels match cited chapter; exact publisher-PDF equivalence not assessed; independent review found missing scholarly footnotes; official footnode dependency and all image assets then acquired; allthree anchors and reader link closure verified
Lehtola2019,Lehtola2019,Lehtola2019:available,Lehtola2019:cited,PREPRINT_OF,NOT_REASSESSED_EXISTING_FILE,v1 identity review reused
Martinazzo2020,Martinazzo2020,Martinazzo2020:available,Martinazzo2020:cited,PREPRINT_OF,NOT_REASSESSED_EXISTING_FILE,v1 identity review reused
Burgarth2022,Burgarth2022,Burgarth2022:available,Burgarth2022:cited,PREPRINT_OF,NOT_REASSESSED_EXISTING_FILE,v1 identity review reused
AlMohyHigham2011,AlMohyHigham2011,AlMohyHigham2011:available,AlMohyHigham2011:cited,COPY_OF,NOT_REASSESSED_EXISTING_FILE,v1 identity review reused
HochbruckLubich1997,HochbruckLubich1997,HochbruckLubich1997:available,HochbruckLubich1997:cited,PREPRINT_OF,NOT_REASSESSED_EXISTING_FILE,v1 identity review reused
AlvermannFehske2011,AlvermannFehske2011,AlvermannFehske2011:available,AlvermannFehske2011:cited,PREPRINT_OF,NOT_REASSESSED_EXISTING_FILE,v1 identity review reused
ITVOLT2023,ITVOLT2023,ITVOLT2023:available,ITVOLT2023:cited,PREPRINT_OF,NOT_REASSESSED_EXISTING_FILE,v1 identity review reused
LiEtAl2011,LiEtAl2011,LiEtAl2011:available,LiEtAl2011:cited,COPY_OF,NOT_REASSESSED_EXISTING_FILE,v1 identity review reused
LiEtAlErratum2013,LiEtAlErratum2013,LiEtAlErratum2013:available,LiEtAlErratum2013:cited,COPY_OF,NOT_REASSESSED_EXISTING_FILE,v1 identity review reused
BrayStelbovics1992PRL,BrayStelbovics1992PRL,BrayStelbovics1992PRL:available,BrayStelbovics1992PRL:cited,COPY_OF,SAME_CITED_PUBLISHED_VERSION,DOI and Version of Record label on institutional cover; title/authors/year/journal and complete cited page range verified in original pages; first paper page visually reviewed
BrayStelbovics1992PRA,BrayStelbovics1992PRA,BrayStelbovics1992PRA:available,BrayStelbovics1992PRA:cited,COPY_OF,SAME_CITED_PUBLISHED_VERSION,DOI and Version of Record label on institutional cover; title/authors/year/journal and complete cited page range verified in original pages; first paper page visually reviewed
Antonio2025,Antonio2025,Antonio2025:available,Antonio2025:cited,PREPRINT_OF,NOT_REASSESSED_EXISTING_FILE,v1 identity review reused
Fachin2026,Fachin2026,Fachin2026:available,Fachin2026:cited,COPY_OF,NOT_REASSESSED_EXISTING_FILE,v1 identity review reused
KuangLin1997,KuangLin1997,KuangLin1997:available,KuangLin1997:cited,COPY_OF,SAME_CITED_PUBLISHED_VERSION,"Title including He2+–H, Jiyun Kuang/C. D. Lin, 1997, J. Phys. B30, full 101–113 range and publisher imprint match DOI-linked metadata; first page visually reviewed. DOI absent within old PDF"
Yafaev2000,Yafaev2000,Yafaev2000:frontmatter,Yafaev2000:ebook2007,PART_OF,INCOMPLETE_CONTENT,"Book title, author, LNM1735, ISBN3-540-67587-6 and copyright2000 match; PDF stops at contents page xvi; no main chapters included"
Kato1976,Kato1976,Kato1976:frontmatter,Kato1976:ebook2012,PART_OF,INCOMPLETE_CONTENT,"PDF page3 states Reprint of the1980 Edition; page5 states Corrected Printing of the Second Edition /1980; page6 copyright1966,1976; DOI and1995 imprint onpage4; stops at front matterXXI. Supports edition relations but is not the complete623-page book"
Kato1976,Kato1976,Kato1976:cited,Kato1976:printing1980,UPDATED_BY,NOT_ASSESSED,"Official Springer catalog dates; Kato1980/1995 relationship is explicit on preserved21-page publisher front matter, pages3 and5"
Kato1976,Kato1976,Kato1976:reprint1995,Kato1976:printing1980,REPRINT_OF,NOT_ASSESSED,"Official Springer catalog dates; Kato1980/1995 relationship is explicit on preserved21-page publisher front matter, pages3 and5"
Kato1976,Kato1976,Kato1976:ebook2012,Kato1976:reprint1995,ELECTRONIC_MANIFESTATION_OF,NOT_ASSESSED,"Official Springer catalog dates; Kato1980/1995 relationship is explicit on preserved21-page publisher front matter, pages3 and5"
Yafaev2000,Yafaev2000,Yafaev2000:ebook2007,Yafaev2000:cited,ELECTRONIC_MANIFESTATION_OF,NOT_ASSESSED,"Official Springer catalog dates; Kato1980/1995 relationship is explicit on preserved21-page publisher front matter, pages3 and5"
LiEtAlErratum2013,LiEtAl2011,LiEtAlErratum2013:available,LiEtAl2011:available,ERRATUM_OF,CORRECTION_REPORTED_NOT_REPROVED,Inherited v1 correction identity and both preserved files; no new scientific verification
