work_id,source_id,title,authors,doi,arxiv,publication_year,fulltext_status,version_class,fulltext_format,cited_version_id,selected_version_id,latest_version,selection_reason,material_change_status,manual_access,notes,attempt_count,routes_checked,independent_route_minimum_met,failure_classes,acquired_file,source_url
Toshima1999,Toshima1999,Convergence and completeness of the pseudostate expansion for proton-hydrogen collisions in two-center close-coupling calculations,Nobuyuki Toshima,10.1103/PhysRevA.59.1981,,1999,NOT_ACQUIRED_FINAL,NOT_ACQUIRED,,Toshima1999:cited,,No alternate complete version retrieved,No identity-verified complete full text retrieved; metadata never promoted,NOT_ASSESSABLE_NO_COMPLETE_FULLTEXT,Use an authorized institutional journal subscription or interlibrary loan for DOI 10.1103/PhysRevA.59.1981; alternatively request an accepted manuscript from the authors (no request sent),"Original v1 metadata and rows remain in sources; current recovery state is in works. Checked publisher plus independent arXiv title search and DOI-linked metadata/repository routes. Public-copy absence is not proved. Failure classes: AUTHENTICATION_REQUIRED, NETWORK_FAILURE",5,"[""arxiv_title_search"", ""hal_metadata"", ""openalex_metadata"", ""publisher"", ""semantic_scholar_metadata""]",True,"[""AUTHENTICATION_REQUIRED"", ""NETWORK_FAILURE""]",,
RungeMicha1996,RungeMicha1996,Time-dependent approach to slow ion-atom collisions for systems with one active electron,Keith Runge; David A. Micha,10.1103/PhysRevA.53.1388,,1996,NOT_ACQUIRED_FINAL,NOT_ACQUIRED,,RungeMicha1996:cited,,No alternate complete version retrieved,No identity-verified complete full text retrieved; metadata never promoted,NOT_ASSESSABLE_NO_COMPLETE_FULLTEXT,Use an authorized institutional journal subscription or interlibrary loan for DOI 10.1103/PhysRevA.53.1388; alternatively request an accepted manuscript from the authors (no request sent),"Original v1 metadata and rows remain in sources; current recovery state is in works. Checked publisher plus independent arXiv title search and DOI-linked metadata/repository routes. Public-copy absence is not proved. Failure classes: AUTHENTICATION_REQUIRED, NETWORK_FAILURE",6,"[""arxiv_title_search"", ""hal_metadata"", ""institutional_landing"", ""openalex_metadata"", ""publisher"", ""semantic_scholar_metadata""]",True,"[""AUTHENTICATION_REQUIRED"", ""NETWORK_FAILURE""]",,
Dollard1964,Dollard1964,Asymptotic Convergence and the Coulomb Interaction,John D. Dollard,10.1063/1.1704171,,1964,NOT_ACQUIRED_FINAL,NOT_ACQUIRED,,Dollard1964:cited,,No alternate complete version retrieved,No identity-verified complete full text retrieved; metadata never promoted,NOT_ASSESSABLE_NO_COMPLETE_FULLTEXT,Use an authorized institutional journal subscription or interlibrary loan for DOI 10.1063/1.1704171; alternatively request an accepted manuscript from the authors (no request sent),"Original v1 metadata and rows remain in sources; current recovery state is in works. Checked publisher plus independent arXiv title search and DOI-linked metadata/repository routes. Public-copy absence is not proved. Failure classes: NETWORK_FAILURE, PUBLISHER_ACCESS_RESTRICTED",7,"[""arxiv_title_search"", ""hal_metadata"", ""independent_disciplinary_repository"", ""institutional_landing"", ""openalex_metadata"", ""publisher"", ""semantic_scholar_metadata""]",True,"[""NETWORK_FAILURE"", ""PUBLISHER_ACCESS_RESTRICTED""]",,
Enss1979,Enss1979,Asymptotic completeness for quantum-mechanical potential scattering: II. Singular and long-range potentials,Volker Enss,10.1016/0003-4916(79)90252-5,,1979,NOT_ACQUIRED_FINAL,NOT_ACQUIRED,,Enss1979:cited,,No alternate complete version retrieved,No identity-verified complete full text retrieved; metadata never promoted,NOT_ASSESSABLE_NO_COMPLETE_FULLTEXT,Use an authorized institutional journal subscription or interlibrary loan for DOI 10.1016/0003-4916(79)90252-5; alternatively request an accepted manuscript from the authors (no request sent),"Original v1 metadata and rows remain in sources; current recovery state is in works. Checked publisher plus independent arXiv title search and DOI-linked metadata/repository routes. Public-copy absence is not proved. Failure classes: NETWORK_FAILURE, PUBLISHER_ACCESS_RESTRICTED",6,"[""arxiv_title_search"", ""hal_metadata"", ""institutional_landing"", ""openalex_metadata"", ""publisher"", ""semantic_scholar_metadata""]",True,"[""NETWORK_FAILURE"", ""PUBLISHER_ACCESS_RESTRICTED""]",,
Kato1976,Kato1976,Perturbation Theory for Linear Operators,Tosio Kato,10.1007/978-3-642-66282-9,,1995,FULL_BOOK_NOT_PUBLICLY_ACQUIRED,NOT_ACQUIRED,,Kato1976:cited,,2012 ebook metadata only,No identity-verified complete full text retrieved; metadata never promoted,NOT_ASSESSABLE_NO_COMPLETE_FULLTEXT,Use institutional Springer ebook access or interlibrary loan for the exact edition; do not treat preview chapters as a book,"Original v1 metadata and rows remain in sources; current recovery state is in works. Cited second edition1976; corrected printing1980; DOI-linked Classics1995 reprint; ebook2012. Official21-page front matter confirms1980/1995 relation; it is not a complete book. Checked publisher plus independent arXiv title search and DOI-linked metadata/repository routes. Public-copy absence is not proved. Failure classes: DOWNLOAD_RETURNED_HTML_NOT_PDF, NETWORK_FAILURE, PUBLIC_FULLTEXT_NOT_FOUND",11,"[""arxiv_title_search"", ""hal_metadata"", ""institutional_landing"", ""official_open_book_frontmatter"", ""openalex_metadata"", ""publisher"", ""semantic_scholar_metadata""]",True,"[""DOWNLOAD_RETURNED_HTML_NOT_PDF"", ""NETWORK_FAILURE"", ""PUBLIC_FULLTEXT_NOT_FOUND""]",,
Stewart2011,Stewart2011,On the Numerical Analysis of Oblique Projectors,G. W. Stewart,10.1137/100792093,,2011,NOT_ACQUIRED_FINAL,NOT_ACQUIRED,,Stewart2011:cited,,No alternate complete version retrieved,No identity-verified complete full text retrieved; metadata never promoted,NOT_ASSESSABLE_NO_COMPLETE_FULLTEXT,Use an authorized institutional journal subscription or interlibrary loan for DOI 10.1137/100792093; alternatively request an accepted manuscript from the authors (no request sent),"Original v1 metadata and rows remain in sources; current recovery state is in works. Checked publisher plus independent arXiv title search and DOI-linked metadata/repository routes. Public-copy absence is not proved. Failure classes: NETWORK_FAILURE, PUBLIC_FULLTEXT_NOT_FOUND, PUBLISHER_ACCESS_RESTRICTED",7,"[""arxiv_title_search"", ""hal_metadata"", ""institutional_landing"", ""openalex_metadata"", ""publisher"", ""semantic_scholar_metadata""]",True,"[""NETWORK_FAILURE"", ""PUBLIC_FULLTEXT_NOT_FOUND"", ""PUBLISHER_ACCESS_RESTRICTED""]",,
TemplatesGHEP,TemplatesGHEP,5. Generalized Hermitian Eigenvalue Problems,M. Gu; A. Ruhe; G. Sleijpen; H. van der Vorst; Z. Bai; R. Li,10.1137/1.9780898719581.ch5,,2000,INSTITUTIONAL_COPY_VERIFIED,INSTITUTIONAL_COPY,HTML_CHAPTER_BUNDLE,TemplatesGHEP:cited,TemplatesGHEP:available,Official author-hosted Netlib web edition; revision number not stated,Complete official author-hosted web chapter; publisher PDF unavailable,NOT_ASSESSED_AGAINST_CITED_PUBLISHER_VERSION,,Original v1 metadata and rows remain in sources; current recovery state is in works.,399,"[""arxiv_title_search"", ""hal_metadata"", ""official_author_book_index"", ""official_chapter_asset"", ""official_chapter_footnote_dependency"", ""official_chapter_missing_asset"", ""official_chapter_missing_subnode"", ""official_complete_chapter_node"", ""official_footnote_image"", ""openalex_metadata"", ""publisher"", ""semantic_scholar_metadata""]",True,"[""NETWORK_FAILURE"", ""PUBLISHER_ACCESS_RESTRICTED""]",v2/verified_chapter/START_HERE.html,https://www.netlib.org/utk/people/JackDongarra/etemplates/node155.html
Stewart1972,Stewart1972,On the Sensitivity of the Eigenvalue Problem $Ax = \lambda Bx$,G. W. Stewart,10.1137/0709056,,1972,NOT_ACQUIRED_FINAL,NOT_ACQUIRED,,Stewart1972:cited,,No alternate complete version retrieved,No identity-verified complete full text retrieved; metadata never promoted,NOT_ASSESSABLE_NO_COMPLETE_FULLTEXT,Use an authorized institutional journal subscription or interlibrary loan for DOI 10.1137/0709056; alternatively request an accepted manuscript from the authors (no request sent),"Original v1 metadata and rows remain in sources; current recovery state is in works. Checked publisher plus independent arXiv title search and DOI-linked metadata/repository routes. Public-copy absence is not proved. Failure classes: NETWORK_FAILURE, PUBLISHER_ACCESS_RESTRICTED",6,"[""arxiv_title_search"", ""hal_metadata"", ""institutional_landing"", ""openalex_metadata"", ""publisher"", ""semantic_scholar_metadata""]",True,"[""NETWORK_FAILURE"", ""PUBLISHER_ACCESS_RESTRICTED""]",,
Mathias1997,Mathias1997,A Bound for the Matrix Square Root with Application to Eigenvector Perturbation,Roy Mathias,10.1137/S5089547989529577,,1997,NOT_ACQUIRED_FINAL,NOT_ACQUIRED,,Mathias1997:cited,,No alternate complete version retrieved,No identity-verified complete full text retrieved; metadata never promoted,NOT_ASSESSABLE_NO_COMPLETE_FULLTEXT,Use an authorized institutional journal subscription or interlibrary loan for DOI 10.1137/S5089547989529577; alternatively request an accepted manuscript from the authors (no request sent),"Original v1 metadata and rows remain in sources; current recovery state is in works. Author PostScript route failed TLS certificate validation; Citeseer404/429. This does not establish absence of a legal public manuscript. Checked publisher plus independent arXiv title search and DOI-linked metadata/repository routes. Public-copy absence is not proved. Failure classes: NETWORK_FAILURE, PUBLIC_FULLTEXT_NOT_FOUND, PUBLISHER_ACCESS_RESTRICTED, RATE_LIMITED",10,"[""arxiv_title_search"", ""author_original_postscript"", ""hal_metadata"", ""identified_institutional_fulltext"", ""institutional_landing"", ""openalex_metadata"", ""publisher"", ""semantic_scholar_metadata""]",True,"[""NETWORK_FAILURE"", ""PUBLIC_FULLTEXT_NOT_FOUND"", ""PUBLISHER_ACCESS_RESTRICTED"", ""RATE_LIMITED""]",,
BrayStelbovics1992PRL,BrayStelbovics1992PRL,Explicit demonstration of the convergence of the close-coupling method for a Coulomb three-body problem,Igor Bray; Andris T. Stelbovics,10.1103/PhysRevLett.69.53,,1992,EXACT_VERSION_VERIFIED,EXACT_PUBLISHER_FULLTEXT,PDF,BrayStelbovics1992PRL:cited,BrayStelbovics1992PRL:available,1992 published version with Murdoch repository cover,Prefer exact cited published version acquired from institutional/author deposit,SAME_CITED_PUBLISHED_VERSION,,Original v1 metadata and rows remain in sources; current recovery state is in works.,8,"[""arxiv_title_search"", ""hal_metadata"", ""identified_institutional_fulltext"", ""institutional_landing"", ""openalex_metadata"", ""publisher"", ""semantic_scholar_metadata""]",True,"[""AUTHENTICATION_REQUIRED"", ""NETWORK_FAILURE""]",v2/acquisition/literature/BrayStelbovics1992PRL/identified_00.pdf,https://researchportal.murdoch.edu.au/view/pdfCoverPage?download=true&filePid=13136940910007891&instCode=61MUN_INST
BrayStelbovics1992PRA,BrayStelbovics1992PRA,Convergent close-coupling calculations of electron-hydrogen scattering,Igor Bray; Andris T. Stelbovics,10.1103/PhysRevA.46.6995,,1992,EXACT_VERSION_VERIFIED,EXACT_PUBLISHER_FULLTEXT,PDF,BrayStelbovics1992PRA:cited,BrayStelbovics1992PRA:available,1992 published version with Murdoch repository cover,Prefer exact cited published version acquired from institutional/author deposit,SAME_CITED_PUBLISHED_VERSION,,Original v1 metadata and rows remain in sources; current recovery state is in works.,8,"[""arxiv_title_search"", ""hal_metadata"", ""identified_institutional_fulltext"", ""institutional_landing"", ""openalex_metadata"", ""publisher"", ""semantic_scholar_metadata""]",True,"[""AUTHENTICATION_REQUIRED"", ""NETWORK_FAILURE""]",v2/acquisition/literature/BrayStelbovics1992PRA/identified_00.pdf,https://researchportal.murdoch.edu.au/view/pdfCoverPage?download=true&filePid=13137046580007891&instCode=61MUN_INST
Antonio2024,Antonio2024,Connecting excitation and ionization cross sections in electron-atom scattering,Nicholas W. Antonio; Igor Bray; Alisher S. Kadyrov,10.1103/PhysRevA.110.062810,,2024,NOT_ACQUIRED_FINAL,NOT_ACQUIRED,,Antonio2024:cited,,No alternate complete version retrieved,No identity-verified complete full text retrieved; metadata never promoted,NOT_ASSESSABLE_NO_COMPLETE_FULLTEXT,Use an authorized institutional journal subscription or interlibrary loan for DOI 10.1103/PhysRevA.110.062810; alternatively request an accepted manuscript from the authors (no request sent),"Original v1 metadata and rows remain in sources; current recovery state is in works. Checked publisher plus independent arXiv title search and DOI-linked metadata/repository routes. Public-copy absence is not proved. Failure classes: AUTHENTICATION_REQUIRED, NETWORK_FAILURE",5,"[""arxiv_title_search"", ""hal_metadata"", ""openalex_metadata"", ""publisher"", ""semantic_scholar_metadata""]",True,"[""AUTHENTICATION_REQUIRED"", ""NETWORK_FAILURE""]",,
Yafaev2000,Yafaev2000,Scattering Theory: Some Old and New Problems,Dmitri R. Yafaev,10.1007/BFb0105531,,2000,FULL_BOOK_NOT_PUBLICLY_ACQUIRED,NOT_ACQUIRED,,Yafaev2000:cited,,2007 ebook metadata only,No identity-verified complete full text retrieved; metadata never promoted,NOT_ASSESSABLE_NO_COMPLETE_FULLTEXT,Use institutional Springer ebook access or interlibrary loan for the exact edition; do not treat preview chapters as a book,"Original v1 metadata and rows remain in sources; current recovery state is in works. Book LNM1735, first edition2000; ebook2007. Only front matter i–xvi acquired. Same-title ICM1998 article is a different work. Checked publisher plus independent arXiv title search and DOI-linked metadata/repository routes. Public-copy absence is not proved. Failure classes: DOWNLOAD_RETURNED_HTML_NOT_PDF, NETWORK_FAILURE",9,"[""arxiv_title_search"", ""hal_metadata"", ""institutional_landing"", ""openalex_metadata"", ""publisher"", ""semantic_scholar_linked_fulltext"", ""semantic_scholar_metadata""]",True,"[""DOWNLOAD_RETURNED_HTML_NOT_PDF"", ""NETWORK_FAILURE""]",,
KuangLin1996,KuangLin1996,Comprehensive convergence study of TCAO close-coupling method for the excitation and ionization in keV collisions,Jiyun Kuang; C D Lin,10.1088/0953-4075/29/22/020,,1996,NOT_ACQUIRED_FINAL,NOT_ACQUIRED,,KuangLin1996:cited,,No alternate complete version retrieved,No identity-verified complete full text retrieved; metadata never promoted,NOT_ASSESSABLE_NO_COMPLETE_FULLTEXT,Use an authorized institutional journal subscription or interlibrary loan for DOI 10.1088/0953-4075/29/22/020; alternatively request an accepted manuscript from the authors (no request sent),"Original v1 metadata and rows remain in sources; current recovery state is in works. j189.pdf is a different Montenegro1997 work, rejected. Exact author-list j184 link is dead or returns HTML. Checked publisher plus independent arXiv title search and DOI-linked metadata/repository routes. Public-copy absence is not proved. Failure classes: DOWNLOAD_RETURNED_HTML_NOT_PDF, NETWORK_FAILURE",11,"[""arxiv_title_search"", ""author_index_explicit_fulltext"", ""author_publication_index"", ""hal_metadata"", ""identified_institutional_fulltext"", ""openalex_linked_fulltext"", ""openalex_metadata"", ""publisher"", ""semantic_scholar_linked_fulltext"", ""semantic_scholar_metadata""]",True,"[""DOWNLOAD_RETURNED_HTML_NOT_PDF"", ""NETWORK_FAILURE""]",,
KuangLin1997,KuangLin1997,"Convergent TCAO close-coupling calculations for electron transfer, excitation and ionization in intermediate keV He2+–H collisions",Jiyun Kuang; C D Lin,10.1088/0953-4075/30/1/012,,1997,EXACT_VERSION_VERIFIED,EXACT_PUBLISHER_FULLTEXT,PDF,KuangLin1997:cited,KuangLin1997:available,1997 J. Phys. B 30:101–113 publisher-formatted author deposit,Prefer exact cited published version acquired from institutional/author deposit,SAME_CITED_PUBLISHED_VERSION,,Original v1 metadata and rows remain in sources; current recovery state is in works.,8,"[""arxiv_title_search"", ""hal_metadata"", ""identified_institutional_fulltext"", ""openalex_linked_fulltext"", ""openalex_metadata"", ""publisher"", ""semantic_scholar_linked_fulltext"", ""semantic_scholar_metadata""]",True,"[""DOWNLOAD_RETURNED_HTML_NOT_PDF"", ""NETWORK_FAILURE""]",v2/acquisition/literature/KuangLin1997/identified_00.pdf,https://www.phys.ksu.edu/personal/cdlin/articles/cdl/j190.pdf
Errea1998,Errea1998,Convergent molecular close-coupling calculations for ion-atom collisions from low to intermediate energies,L F Errea; C Harel; C Illescas; H Jouin; L Méndez; B Pons; A Riera,10.1088/0953-4075/31/14/017,,1998,NOT_ACQUIRED_FINAL,NOT_ACQUIRED,,Errea1998:cited,,No alternate complete version retrieved,No identity-verified complete full text retrieved; metadata never promoted,NOT_ASSESSABLE_NO_COMPLETE_FULLTEXT,Use an authorized institutional journal subscription or interlibrary loan for DOI 10.1088/0953-4075/31/14/017; alternatively request an accepted manuscript from the authors (no request sent),"Original v1 metadata and rows remain in sources; current recovery state is in works. HAL metadata/landing timed out and explicit hal-01566050/document returned404; no bypass attempted. Checked publisher plus independent arXiv title search and DOI-linked metadata/repository routes. Public-copy absence is not proved. Failure classes: DOWNLOAD_RETURNED_HTML_NOT_PDF, NETWORK_FAILURE, PUBLIC_FULLTEXT_NOT_FOUND",8,"[""arxiv_title_search"", ""hal_metadata"", ""identified_hal_document"", ""institutional_landing"", ""openalex_metadata"", ""publisher"", ""semantic_scholar_metadata""]",True,"[""DOWNLOAD_RETURNED_HTML_NOT_PDF"", ""NETWORK_FAILURE"", ""PUBLIC_FULLTEXT_NOT_FOUND""]",,
DickinsonMcCarroll1983,DickinsonMcCarroll1983,Adiabatic switching factors in slow atomic collisions,A S Dickinson; R McCarroll,10.1088/0022-3700/16/3/020,,1983,NOT_ACQUIRED_FINAL,NOT_ACQUIRED,,DickinsonMcCarroll1983:cited,,No alternate complete version retrieved,No identity-verified complete full text retrieved; metadata never promoted,NOT_ASSESSABLE_NO_COMPLETE_FULLTEXT,Use an authorized institutional journal subscription or interlibrary loan for DOI 10.1088/0022-3700/16/3/020; alternatively request an accepted manuscript from the authors (no request sent),"Original v1 metadata and rows remain in sources; current recovery state is in works. Checked publisher plus independent arXiv title search and DOI-linked metadata/repository routes. Public-copy absence is not proved. Failure classes: DOWNLOAD_RETURNED_HTML_NOT_PDF, NETWORK_FAILURE",5,"[""arxiv_title_search"", ""hal_metadata"", ""openalex_metadata"", ""publisher"", ""semantic_scholar_metadata""]",True,"[""DOWNLOAD_RETURNED_HTML_NOT_PDF"", ""NETWORK_FAILURE""]",,
Kunikeev1999,Kunikeev1999,Asymptotic expansions for three-body continuum and bound states relevant for ion–atom collision processes,Sh.D. Kunikeev,10.1016/S0168-583X(99)00013-0,,1999,NOT_ACQUIRED_FINAL,NOT_ACQUIRED,,Kunikeev1999:cited,,No alternate complete version retrieved,No identity-verified complete full text retrieved; metadata never promoted,NOT_ASSESSABLE_NO_COMPLETE_FULLTEXT,Use an authorized institutional journal subscription or interlibrary loan for DOI 10.1016/S0168-583X(99)00013-0; alternatively request an accepted manuscript from the authors (no request sent),"Original v1 metadata and rows remain in sources; current recovery state is in works. Checked publisher plus independent arXiv title search and DOI-linked metadata/repository routes. Public-copy absence is not proved. Failure classes: NETWORK_FAILURE, PUBLISHER_ACCESS_RESTRICTED",5,"[""arxiv_title_search"", ""hal_metadata"", ""openalex_metadata"", ""publisher"", ""semantic_scholar_metadata""]",True,"[""NETWORK_FAILURE"", ""PUBLISHER_ACCESS_RESTRICTED""]",,
